{"stats":{"minecraft:picked_up":{"minecraft:crafting_table":1,"alexsmobs:acacia_blossom":3,"minecraft:oak_log":8,"supplementaries:flax_seeds":1,"minecraft:string":2,"minecraft:bone":2,"minecraft:wheat_seeds":9,"minecraft:cobbled_deepslate":15,"minecraft:raw_gold":2,"twigs:pebble":1,"twigs:twig":2,"delightful:green_tea_leaf":4,"minecraft:acacia_sapling":14,"minecraft:furnace":1,"minecraft:stick":37,"minecraft:raw_iron":31,"minecraft:torch":2,"minecraft:acacia_log":71,"quark:blossom_log":78,"minecraft:spider_eye":1,"minecraft:arrow":1,"minecraft:stone_axe":1,"quark:orange_blossom_sapling":7,"minecraft:bread":6,"minecraft:oak_sapling":2,"supplementaries:ash":7,"minecraft:coal":32,"minecraft:cobblestone":22},"minecraft:crafted":{"minecraft:wooden_sword":1,"minecraft:oak_planks":8,"quark:blossom_planks":56,"minecraft:crafting_table":3,"minecraft:wooden_pickaxe":1,"minecraft:iron_helmet":1,"minecraft:iron_sword":1,"minecraft:furnace":1,"minecraft:stone_axe":1,"minecraft:air":0,"minecraft:iron_boots":1,"minecraft:iron_chestplate":1,"minecraft:shield":1,"minecraft:stick":128,"minecraft:iron_ingot":31,"minecraft:iron_pickaxe":1,"minecraft:stone_pickaxe":1,"minecraft:wooden_axe":2,"minecraft:iron_leggings":1,"minecraft:acacia_planks":40,"minecraft:torch":36,"minecraft:stone_hoe":1},"minecraft:mined":{"twigs:pebble":1,"minecraft:crafting_table":1,"minecraft:torch":2,"minecraft:acacia_log":75,"quark:blossom_log":122,"minecraft:tall_grass":3,"minecraft:deepslate_coal_ore":2,"minecraft:deepslate_gold_ore":2,"supplementaries:urn":2,"minecraft:furnace":1,"minecraft:iron_ore":5,"minecraft:grass":129,"minecraft:oak_log":8,"minecraft:coal_ore":25,"minecraft:deepslate_iron_ore":26,"minecraft:stone":22,"minecraft:deepslate":15},"minecraft:killed":{"minecraft:spider":1,"alexsmobs:emu":1,"minecraft:skeleton":1,"alexsmobs:kangaroo":1},"minecraft:broken":{"minecraft:wooden_axe":2},"minecraft:custom":{"lootr:looted_stat":2,"minecraft:interact_with_furnace":5,"minecraft:mob_kills":4,"minecraft:interact_with_crafting_table":15,"minecraft:leave_game":2,"minecraft:time_since_death":45039,"minecraft:sleep_in_bed":1,"minecraft:climb_one_cm":56,"minecraft:time_since_rest":2778,"minecraft:sprint_one_cm":64960,"minecraft:damage_taken":376,"minecraft:walk_one_cm":153672,"minecraft:drop":1,"minecraft:damage_dealt":933,"minecraft:swim_one_cm":9963,"minecraft:fly_one_cm":32301,"minecraft:crouch_one_cm":835,"minecraft:play_time":45039,"minecraft:sneak_time":461,"minecraft:walk_under_water_one_cm":3967,"minecraft:jump":454,"minecraft:walk_on_water_one_cm":12685,"minecraft:total_world_time":45039,"minecraft:fall_one_cm":7080},"minecraft:used":{"minecraft:stone_pickaxe":86,"minecraft:wooden_pickaxe":8,"minecraft:iron_sword":8,"minecraft:torch":26,"minecraft:crafting_table":3,"minecraft:wooden_axe":124,"minecraft:bread":5,"minecraft:iron_pickaxe":5,"minecraft:stone_axe":82,"delightful:green_tea_leaf":4,"minecraft:wooden_sword":17,"minecraft:furnace":1,"alexsmobs:animal_dictionary":1,"minecraft:acacia_planks":9,"minecraft:cobbled_deepslate":4},"minecraft:dropped":{"minecraft:spider_eye":1}},"DataVersion":3465}