{"stats":{"minecraft:killed_by":{"minecraft:husk":8},"minecraft:picked_up":{"minecraft:crafting_table":1,"alexsmobs:acacia_blossom":3,"minecraft:oak_log":8,"supplementaries:flax_seeds":1,"spawnersplus:spawner_fragment":8,"minecraft:dirt":3,"minecraft:string":2,"minecraft:bone":2,"minecraft:wheat_seeds":10,"minecraft:cobbled_deepslate":15,"minecraft:raw_gold":2,"twigs:pebble":1,"minecraft:calcite":1,"biomesoplenty:wildflower":1,"twigs:twig":2,"delightful:green_tea_leaf":4,"minecraft:oak_planks":4,"minecraft:acacia_sapling":14,"twilightforest:charm_of_life_1":1,"minecraft:furnace":1,"minecraft:stick":37,"minecraft:raw_iron":31,"minecraft:torch":2,"minecraft:acacia_log":71,"quark:blossom_log":78,"quark:blossom_planks":2,"minecraft:spider_eye":1,"minecraft:rotten_flesh":7,"minecraft:arrow":2,"minecraft:stone_axe":1,"quark:orange_blossom_sapling":7,"minecraft:painting":1,"minecraft:bread":6,"minecraft:oak_sapling":2,"supplementaries:ash":7,"minecraft:mutton":4,"minecraft:coal":32,"minecraft:white_wool":3,"minecraft:cobblestone":22},"minecraft:crafted":{"minecraft:wooden_sword":1,"minecraft:oak_planks":44,"quark:blossom_planks":56,"minecraft:crafting_table":3,"minecraft:wooden_pickaxe":1,"minecraft:iron_helmet":1,"minecraft:iron_sword":2,"minecraft:furnace":1,"minecraft:stone_axe":1,"minecraft:air":0,"minecraft:iron_boots":1,"minecraft:iron_chestplate":1,"minecraft:shield":1,"minecraft:stick":128,"quark:oak_chest":1,"minecraft:iron_ingot":31,"minecraft:iron_pickaxe":1,"minecraft:stone_pickaxe":1,"minecraft:wooden_axe":2,"minecraft:iron_leggings":1,"minecraft:acacia_planks":52,"minecraft:torch":36,"minecraft:stone_hoe":1},"minecraft:mined":{"twigs:pebble":1,"minecraft:crafting_table":1,"minecraft:torch":2,"minecraft:acacia_log":75,"minecraft:grass_block":2,"quark:blossom_log":122,"minecraft:tall_grass":3,"minecraft:deepslate_coal_ore":2,"minecraft:deepslate_gold_ore":2,"minecraft:oak_planks":4,"minecraft:spawner":1,"supplementaries:urn":2,"minecraft:furnace":1,"minecraft:iron_ore":5,"minecraft:grass":129,"minecraft:oak_log":8,"minecraft:coal_ore":25,"minecraft:deepslate_iron_ore":26,"minecraft:dirt":2,"minecraft:stone":22,"minecraft:deepslate":15},"minecraft:killed":{"minecraft:husk":11,"minecraft:spider":1,"alexsmobs:emu":1,"minecraft:sheep":3,"minecraft:skeleton":1,"minecraft:zombie":1,"alexsmobs:kangaroo":1},"minecraft:broken":{"minecraft:wooden_sword":1,"minecraft:stone_axe":1,"minecraft:iron_sword":1,"minecraft:wooden_axe":2},"minecraft:custom":{"lootr:looted_stat":6,"minecraft:interact_with_furnace":5,"minecraft:mob_kills":20,"minecraft:interact_with_crafting_table":19,"minecraft:leave_game":2,"minecraft:time_since_death":11342,"minecraft:sleep_in_bed":1,"minecraft:climb_one_cm":56,"minecraft:time_since_rest":11387,"minecraft:sprint_one_cm":161869,"minecraft:damage_taken":3382,"minecraft:walk_one_cm":345469,"minecraft:drop":8,"minecraft:damage_dealt":6288,"minecraft:swim_one_cm":14193,"minecraft:fly_one_cm":60553,"minecraft:open_chest":9,"minecraft:crouch_one_cm":1392,"minecraft:play_time":81039,"minecraft:deaths":9,"minecraft:sneak_time":2141,"minecraft:walk_under_water_one_cm":6013,"minecraft:jump":755,"minecraft:interact_with_blast_furnace":1,"minecraft:walk_on_water_one_cm":18392,"minecraft:total_world_time":81039,"minecraft:fall_one_cm":23220},"minecraft:used":{"minecraft:stone_pickaxe":86,"minecraft:oak_planks":33,"minecraft:wooden_pickaxe":8,"minecraft:iron_sword":292,"minecraft:stone_hoe":1,"minecraft:iron_chestplate":1,"minecraft:torch":26,"minecraft:dirt":2,"minecraft:crafting_table":4,"minecraft:wooden_axe":124,"minecraft:bread":21,"minecraft:iron_pickaxe":7,"minecraft:iron_helmet":1,"minecraft:iron_boots":1,"minecraft:stone_axe":110,"delightful:green_tea_leaf":4,"minecraft:wooden_sword":59,"minecraft:furnace":1,"quark:oak_chest":1,"alexsmobs:animal_dictionary":1,"minecraft:acacia_planks":15,"minecraft:cobbled_deepslate":4,"minecraft:iron_leggings":1},"minecraft:dropped":{"minecraft:wheat_seeds":1,"minecraft:oak_planks":1,"minecraft:dirt":1,"biomesoplenty:wildflower":1,"minecraft:spider_eye":1,"minecraft:painting":1,"minecraft:arrow":1,"minecraft:iron_pickaxe":1}},"DataVersion":3465}