{"stats":{"minecraft:picked_up":{"minecraft:raw_iron":31,"minecraft:torch":1,"alexsmobs:acacia_blossom":3,"minecraft:acacia_log":71,"quark:blossom_log":78,"minecraft:oak_log":8,"supplementaries:flax_seeds":1,"minecraft:spider_eye":1,"minecraft:string":2,"minecraft:arrow":1,"minecraft:bone":2,"minecraft:raw_gold":2,"minecraft:stone_axe":1,"minecraft:wheat_seeds":9,"quark:orange_blossom_sapling":7,"minecraft:cobbled_deepslate":15,"twigs:pebble":1,"supplementaries:ash":7,"minecraft:oak_sapling":2,"twigs:twig":2,"delightful:green_tea_leaf":4,"minecraft:coal":27,"minecraft:acacia_sapling":11,"minecraft:cobblestone":22},"minecraft:crafted":{"minecraft:wooden_sword":1,"quark:blossom_planks":56,"minecraft:crafting_table":3,"minecraft:stick":128,"minecraft:iron_helmet":1,"minecraft:iron_pickaxe":1,"minecraft:iron_ingot":24,"minecraft:wooden_pickaxe":1,"minecraft:stone_pickaxe":1,"minecraft:wooden_axe":2,"minecraft:furnace":1,"minecraft:acacia_planks":40,"minecraft:torch":36,"minecraft:stone_axe":1,"minecraft:air":0},"minecraft:mined":{"supplementaries:urn":2,"twigs:pebble":1,"minecraft:iron_ore":5,"minecraft:torch":1,"minecraft:grass":129,"minecraft:acacia_log":75,"minecraft:coal_ore":25,"minecraft:oak_log":8,"minecraft:deepslate_iron_ore":26,"quark:blossom_log":122,"minecraft:tall_grass":3,"minecraft:deepslate_coal_ore":2,"minecraft:deepslate_gold_ore":2,"minecraft:stone":22,"minecraft:deepslate":15},"minecraft:killed":{"minecraft:skeleton":1,"minecraft:spider":1},"minecraft:broken":{"minecraft:wooden_axe":2},"minecraft:custom":{"minecraft:time_since_rest":33039,"minecraft:interact_with_furnace":2,"minecraft:sprint_one_cm":31448,"minecraft:damage_taken":356,"minecraft:walk_one_cm":120090,"minecraft:mob_kills":2,"minecraft:damage_dealt":513,"minecraft:interact_with_crafting_table":7,"minecraft:fly_one_cm":19567,"minecraft:crouch_one_cm":835,"minecraft:play_time":33039,"minecraft:sneak_time":407,"minecraft:walk_under_water_one_cm":1374,"minecraft:jump":269,"minecraft:walk_on_water_one_cm":3827,"minecraft:leave_game":2,"minecraft:time_since_death":33039,"minecraft:total_world_time":33039,"minecraft:fall_one_cm":5783},"minecraft:used":{"minecraft:wooden_axe":124,"minecraft:bread":3,"minecraft:stone_pickaxe":86,"minecraft:iron_pickaxe":4,"minecraft:wooden_pickaxe":8,"delightful:green_tea_leaf":4,"minecraft:torch":26,"minecraft:stone_axe":82,"minecraft:wooden_sword":17,"minecraft:crafting_table":3,"minecraft:furnace":1,"alexsmobs:animal_dictionary":1,"minecraft:cobbled_deepslate":4,"minecraft:acacia_planks":9}},"DataVersion":3465}