{"stats":{"minecraft:used":{"minecraft:iron_sword":548,"minecraft:stone_hoe":1,"minecraft:iron_chestplate":1,"minecraft:torch":56,"minecraft:dirt":2,"minecraft:mutton":1,"minecraft:carrot":7,"minecraft:wooden_axe":124,"minecraft:iron_helmet":1,"minecraft:iron_boots":1,"delightful:green_tea_leaf":4,"minecraft:furnace":2,"minecraft:potato":10,"minecraft:cobbled_deepslate":4,"minecraft:acacia_planks":18,"minecraft:iron_leggings":1,"minecraft:stone_pickaxe":86,"minecraft:oak_planks":33,"minecraft:wooden_pickaxe":8,"minecraft:sugar_cane":4,"minecraft:crafting_table":7,"minecraft:bread":38,"minecraft:iron_pickaxe":223,"minecraft:stone_axe":113,"minecraft:wooden_sword":59,"minecraft:cobblestone":30,"quark:oak_chest":1,"alexsmobs:animal_dictionary":1},"minecraft:dropped":{"minecraft:iron_ingot":4,"minecraft:iron_sword":2,"minecraft:wheat_seeds":5,"minecraft:granite":1,"minecraft:stick":20,"minecraft:dirt":1,"minecraft:grass":4,"minecraft:orange_carpet":1,"quark:blossom_log":28,"minecraft:seagrass":6,"minecraft:iron_pickaxe":1,"minecraft:string":8,"minecraft:acacia_planks":22,"minecraft:bone":2,"minecraft:moss_carpet":2,"minecraft:oak_planks":1,"minecraft:fern":1,"biomesoplenty:wildflower":1,"minecraft:spider_eye":2,"minecraft:painting":1,"minecraft:arrow":1},"minecraft:picked_up":{"minecraft:crafting_table":2,"minecraft:flower_pot":1,"spawnersplus:spawner_fragment":13,"minecraft:string":8,"minecraft:moss_carpet":2,"minecraft:raw_copper":21,"minecraft:cobbled_deepslate":15,"twigs:pebble":1,"minecraft:calcite":1,"minecraft:poppy":1,"minecraft:iron_pickaxe":1,"minecraft:sugar_cane":22,"biomesoplenty:wildflower":1,"delightful:green_tea_leaf":4,"minecraft:furnace":1,"minecraft:stick":37,"minecraft:raw_iron":75,"sophisticatedbackpacks:crafting_upgrade":1,"minecraft:torch":18,"minecraft:acacia_log":71,"sophisticatedbackpacks:backpack":1,"quark:blossom_log":78,"minecraft:porkchop":3,"minecraft:diorite":6,"minecraft:redstone":18,"quark:blossom_planks":2,"minecraft:arrow":8,"minecraft:rotten_flesh":37,"quark:orange_blossom_sapling":7,"minecraft:gold_ingot":8,"supplementaries:ash":7,"minecraft:mutton":4,"minecraft:white_wool":3,"minecraft:cobblestone":57,"minecraft:orange_carpet":1,"alexsmobs:acacia_blossom":3,"minecraft:potato":1,"quark:blue_shard":7,"minecraft:oak_log":8,"supplementaries:flax_seeds":1,"minecraft:gunpowder":2,"minecraft:dirt":3,"minecraft:bone":6,"minecraft:acacia_planks":3,"minecraft:bow":1,"minecraft:wheat_seeds":10,"minecraft:raw_gold":6,"minecraft:iron_ingot":1,"twigs:twig":2,"minecraft:iron_sword":2,"minecraft:oak_planks":4,"minecraft:acacia_sapling":15,"twilightforest:charm_of_life_1":1,"minecraft:book":6,"minecraft:polished_andesite_stairs":1,"minecraft:red_banner":1,"minecraft:spider_eye":1,"minecraft:stone_axe":1,"alexsmobs:rattlesnake_rattle":1,"minecraft:granite":1,"minecraft:painting":2,"minecraft:bread":6,"minecraft:oak_sapling":2,"minecraft:coal":120},"minecraft:crafted":{"minecraft:wooden_sword":1,"minecraft:oak_planks":44,"minecraft:furnace":1,"minecraft:iron_boots":1,"minecraft:stone_pickaxe":1,"minecraft:stone_hoe":1,"sophisticatedbackpacks:iron_backpack":1,"minecraft:red_dye":1,"quark:blossom_planks":56,"minecraft:crafting_table":5,"minecraft:iron_helmet":1,"minecraft:wooden_pickaxe":1,"minecraft:iron_sword":2,"sophisticatedbackpacks:gold_backpack":2,"minecraft:stone_axe":1,"minecraft:air":0,"minecraft:iron_chestplate":1,"minecraft:shield":1,"minecraft:stick":128,"quark:oak_chest":1,"minecraft:iron_ingot":31,"minecraft:iron_pickaxe":2,"minecraft:wooden_axe":2,"minecraft:iron_leggings":1,"minecraft:acacia_planks":76,"minecraft:torch":36},"minecraft:killed":{"minecraft:spider":4,"alexsmobs:rattlesnake":1,"minecraft:skeleton":5,"alexsmobs:kangaroo":1,"minecraft:husk":19,"minecraft:pig":2,"alexsmobs:emu":1,"minecraft:sheep":3,"minecraft:zombie":23},"minecraft:mined":{"minecraft:acacia_log":75,"biomesoplenty:bush":2,"minecraft:grass_block":3,"minecraft:spawner":6,"minecraft:furnace":1,"minecraft:iron_ore":50,"minecraft:moss_carpet":1,"minecraft:bookshelf":2,"minecraft:deepslate_iron_ore":26,"minecraft:stone":55,"minecraft:deepslate_redstone_ore":4,"minecraft:acacia_leaves":5,"twigs:pebble":1,"minecraft:glass_pane":4,"minecraft:blue_stained_glass":2,"minecraft:crafting_table":2,"minecraft:torch":2,"minecraft:polished_andesite_stairs":1,"quark:blossom_log":122,"minecraft:copper_ore":6,"minecraft:tall_grass":5,"minecraft:cobblestone":22,"minecraft:deepslate_coal_ore":2,"minecraft:deepslate_gold_ore":2,"minecraft:oak_planks":4,"minecraft:sugar_cane":11,"minecraft:wall_torch":2,"minecraft:diorite":6,"supplementaries:urn":2,"minecraft:potted_poppy":1,"minecraft:red_wall_banner":1,"minecraft:grass":137,"minecraft:oak_log":8,"minecraft:coal_ore":113,"minecraft:dirt":2,"minecraft:acacia_planks":1,"minecraft:gold_ore":5,"minecraft:deepslate":15},"minecraft:killed_by":{"minecraft:husk":8,"minecraft:skeleton":1,"minecraft:zombie":2},"minecraft:broken":{"minecraft:wooden_sword":1,"minecraft:stone_axe":1,"minecraft:iron_sword":1,"minecraft:wooden_axe":2,"aether:leather_gloves":1},"minecraft:custom":{"lootr:looted_stat":41,"minecraft:mob_kills":60,"minecraft:interact_with_crafting_table":30,"minecraft:leave_game":7,"minecraft:time_since_death":4768,"minecraft:climb_one_cm":911,"minecraft:sprint_one_cm":315777,"minecraft:walk_one_cm":845913,"minecraft:drop":94,"minecraft:talked_to_villager":9,"minecraft:play_time":201203,"minecraft:deaths":12,"minecraft:sneak_time":4180,"minecraft:walk_under_water_one_cm":16149,"minecraft:jump":1649,"minecraft:interact_with_blast_furnace":1,"minecraft:walk_on_water_one_cm":42649,"minecraft:total_world_time":201203,"minecraft:interact_with_furnace":7,"minecraft:tune_noteblock":1,"minecraft:sleep_in_bed":1,"minecraft:time_since_rest":4838,"minecraft:waystone_activated":2,"minecraft:damage_taken":5282,"minecraft:damage_dealt":15154,"twilightforest:life_charms_activated":1,"minecraft:fly_one_cm":113694,"minecraft:swim_one_cm":15136,"minecraft:open_chest":20,"minecraft:crouch_one_cm":6881,"minecraft:interact_with_smoker":1,"minecraft:fall_one_cm":39886}},"DataVersion":3465}