{"stats":{"minecraft:killed_by":{"minecraft:husk":4},"minecraft:picked_up":{"minecraft:crafting_table":1,"alexsmobs:acacia_blossom":3,"minecraft:oak_log":8,"supplementaries:flax_seeds":1,"minecraft:dirt":1,"minecraft:string":2,"minecraft:bone":2,"minecraft:wheat_seeds":10,"minecraft:cobbled_deepslate":15,"minecraft:raw_gold":2,"twigs:pebble":1,"twigs:twig":2,"delightful:green_tea_leaf":4,"minecraft:acacia_sapling":14,"minecraft:furnace":1,"minecraft:stick":37,"minecraft:raw_iron":31,"minecraft:torch":2,"minecraft:acacia_log":71,"quark:blossom_log":78,"quark:blossom_planks":2,"minecraft:spider_eye":1,"minecraft:rotten_flesh":1,"minecraft:arrow":2,"minecraft:stone_axe":1,"quark:orange_blossom_sapling":7,"minecraft:painting":1,"minecraft:bread":6,"minecraft:oak_sapling":2,"supplementaries:ash":7,"minecraft:coal":32,"minecraft:cobblestone":22},"minecraft:crafted":{"minecraft:wooden_sword":1,"minecraft:oak_planks":44,"quark:blossom_planks":56,"minecraft:crafting_table":3,"minecraft:wooden_pickaxe":1,"minecraft:iron_helmet":1,"minecraft:iron_sword":1,"minecraft:furnace":1,"minecraft:stone_axe":1,"minecraft:air":0,"minecraft:iron_boots":1,"minecraft:iron_chestplate":1,"minecraft:shield":1,"minecraft:stick":128,"quark:oak_chest":1,"minecraft:iron_ingot":31,"minecraft:iron_pickaxe":1,"minecraft:stone_pickaxe":1,"minecraft:wooden_axe":2,"minecraft:iron_leggings":1,"minecraft:acacia_planks":40,"minecraft:torch":36,"minecraft:stone_hoe":1},"minecraft:mined":{"twigs:pebble":1,"minecraft:crafting_table":1,"minecraft:torch":2,"minecraft:acacia_log":75,"minecraft:grass_block":2,"quark:blossom_log":122,"minecraft:tall_grass":3,"minecraft:deepslate_coal_ore":2,"minecraft:deepslate_gold_ore":2,"minecraft:spawner":1,"supplementaries:urn":2,"minecraft:furnace":1,"minecraft:iron_ore":5,"minecraft:grass":129,"minecraft:oak_log":8,"minecraft:coal_ore":25,"minecraft:deepslate_iron_ore":26,"minecraft:stone":22,"minecraft:deepslate":15},"minecraft:killed":{"minecraft:husk":2,"minecraft:spider":1,"alexsmobs:emu":1,"minecraft:skeleton":1,"alexsmobs:kangaroo":1},"minecraft:broken":{"minecraft:wooden_axe":2},"minecraft:custom":{"lootr:looted_stat":2,"minecraft:interact_with_furnace":5,"minecraft:mob_kills":6,"minecraft:interact_with_crafting_table":18,"minecraft:leave_game":2,"minecraft:time_since_death":877,"minecraft:sleep_in_bed":1,"minecraft:climb_one_cm":56,"minecraft:time_since_rest":931,"minecraft:sprint_one_cm":94601,"minecraft:damage_taken":1556,"minecraft:walk_one_cm":219775,"minecraft:drop":5,"minecraft:damage_dealt":2167,"minecraft:swim_one_cm":14193,"minecraft:fly_one_cm":38995,"minecraft:open_chest":2,"minecraft:crouch_one_cm":1145,"minecraft:play_time":57039,"minecraft:deaths":4,"minecraft:sneak_time":514,"minecraft:walk_under_water_one_cm":6013,"minecraft:jump":527,"minecraft:interact_with_blast_furnace":1,"minecraft:walk_on_water_one_cm":16262,"minecraft:total_world_time":57039,"minecraft:fall_one_cm":8311},"minecraft:used":{"minecraft:stone_pickaxe":86,"minecraft:wooden_pickaxe":8,"minecraft:iron_sword":66,"minecraft:iron_chestplate":1,"minecraft:torch":26,"minecraft:crafting_table":4,"minecraft:wooden_axe":124,"minecraft:bread":10,"minecraft:iron_pickaxe":6,"minecraft:iron_helmet":1,"minecraft:iron_boots":1,"minecraft:stone_axe":82,"delightful:green_tea_leaf":4,"minecraft:wooden_sword":17,"minecraft:furnace":1,"quark:oak_chest":1,"alexsmobs:animal_dictionary":1,"minecraft:acacia_planks":9,"minecraft:cobbled_deepslate":4,"minecraft:iron_leggings":1},"minecraft:dropped":{"minecraft:wheat_seeds":1,"minecraft:dirt":1,"minecraft:spider_eye":1,"minecraft:painting":1,"minecraft:arrow":1}},"DataVersion":3465}