{"stats":{"minecraft:picked_up":{"alexsmobs:acacia_blossom":3,"minecraft:acacia_log":71,"quark:blossom_log":78,"minecraft:oak_log":8,"minecraft:spider_eye":1,"minecraft:string":2,"minecraft:stone_axe":1,"minecraft:wheat_seeds":9,"quark:orange_blossom_sapling":7,"twigs:pebble":1,"minecraft:oak_sapling":2,"twigs:twig":2,"delightful:green_tea_leaf":4,"minecraft:coal":11,"minecraft:acacia_sapling":11,"minecraft:cobblestone":17},"minecraft:crafted":{"minecraft:wooden_sword":1,"minecraft:crafting_table":2,"minecraft:stick":16,"minecraft:wooden_pickaxe":1,"minecraft:stone_pickaxe":1,"minecraft:wooden_axe":2,"minecraft:acacia_planks":28,"minecraft:stone_axe":1},"minecraft:mined":{"twigs:pebble":1,"minecraft:grass":129,"minecraft:acacia_log":75,"minecraft:coal_ore":11,"minecraft:oak_log":8,"quark:blossom_log":122,"minecraft:tall_grass":3,"minecraft:stone":17},"minecraft:killed":{"minecraft:spider":1},"minecraft:broken":{"minecraft:wooden_axe":2},"minecraft:custom":{"minecraft:time_since_rest":21039,"minecraft:sprint_one_cm":28536,"minecraft:damage_taken":176,"minecraft:walk_one_cm":78137,"minecraft:mob_kills":1,"minecraft:damage_dealt":310,"minecraft:interact_with_crafting_table":4,"minecraft:fly_one_cm":19004,"minecraft:crouch_one_cm":47,"minecraft:play_time":21039,"minecraft:sneak_time":117,"minecraft:walk_under_water_one_cm":42,"minecraft:jump":172,"minecraft:walk_on_water_one_cm":1018,"minecraft:leave_game":2,"minecraft:time_since_death":21039,"minecraft:total_world_time":21039,"minecraft:fall_one_cm":4006},"minecraft:used":{"minecraft:wooden_axe":124,"minecraft:bread":3,"minecraft:stone_pickaxe":20,"minecraft:wooden_pickaxe":8,"minecraft:stone_axe":82,"minecraft:crafting_table":2,"alexsmobs:animal_dictionary":1}},"DataVersion":3465}