{"stats":{"minecraft:dropped":{"minecraft:iron_ingot":4,"minecraft:iron_sword":1,"minecraft:moss_carpet":2,"minecraft:wheat_seeds":1,"minecraft:oak_planks":1,"minecraft:dirt":1,"biomesoplenty:wildflower":1,"minecraft:painting":1,"minecraft:spider_eye":1,"minecraft:arrow":1,"minecraft:iron_pickaxe":1,"minecraft:string":8,"minecraft:acacia_planks":4,"minecraft:bone":2},"minecraft:mined":{"twigs:pebble":1,"minecraft:crafting_table":1,"minecraft:torch":2,"biomesoplenty:bush":2,"minecraft:acacia_log":75,"minecraft:grass_block":3,"quark:blossom_log":122,"minecraft:tall_grass":4,"minecraft:cobblestone":20,"minecraft:deepslate_coal_ore":2,"minecraft:deepslate_gold_ore":2,"minecraft:sugar_cane":11,"minecraft:oak_planks":4,"minecraft:spawner":1,"supplementaries:urn":2,"minecraft:furnace":1,"minecraft:iron_ore":5,"minecraft:moss_carpet":1,"minecraft:grass":137,"minecraft:coal_ore":25,"minecraft:oak_log":8,"minecraft:deepslate_iron_ore":26,"minecraft:dirt":2,"minecraft:acacia_planks":1,"minecraft:stone":23,"minecraft:deepslate":15},"minecraft:broken":{"minecraft:wooden_sword":1,"minecraft:stone_axe":1,"minecraft:iron_sword":1,"minecraft:wooden_axe":2},"minecraft:custom":{"lootr:looted_stat":27,"minecraft:interact_with_furnace":5,"minecraft:mob_kills":26,"minecraft:tune_noteblock":1,"minecraft:interact_with_crafting_table":24,"minecraft:leave_game":5,"minecraft:time_since_death":57158,"minecraft:sleep_in_bed":1,"minecraft:climb_one_cm":869,"minecraft:time_since_rest":57203,"minecraft:waystone_activated":2,"minecraft:sprint_one_cm":240605,"minecraft:damage_taken":3722,"minecraft:walk_one_cm":511492,"minecraft:drop":20,"minecraft:damage_dealt":7657,"twilightforest:life_charms_activated":1,"minecraft:talked_to_villager":9,"minecraft:swim_one_cm":14193,"minecraft:fly_one_cm":93101,"minecraft:open_chest":15,"minecraft:crouch_one_cm":1392,"minecraft:play_time":126855,"minecraft:deaths":9,"minecraft:sneak_time":2141,"minecraft:walk_under_water_one_cm":8641,"minecraft:jump":1133,"minecraft:interact_with_blast_furnace":1,"minecraft:walk_on_water_one_cm":23295,"minecraft:total_world_time":126855,"minecraft:interact_with_smoker":1,"minecraft:fall_one_cm":31224},"minecraft:killed_by":{"minecraft:husk":8},"minecraft:killed":{"minecraft:husk":11,"minecraft:pig":2,"minecraft:spider":3,"alexsmobs:rattlesnake":1,"alexsmobs:emu":1,"minecraft:sheep":3,"minecraft:skeleton":1,"minecraft:zombie":2,"alexsmobs:kangaroo":1},"minecraft:used":{"minecraft:stone_pickaxe":86,"minecraft:oak_planks":33,"minecraft:wooden_pickaxe":8,"minecraft:iron_sword":347,"minecraft:sugar_cane":4,"minecraft:stone_hoe":1,"minecraft:iron_chestplate":1,"minecraft:torch":26,"minecraft:dirt":2,"minecraft:mutton":1,"minecraft:crafting_table":5,"minecraft:wooden_axe":124,"minecraft:bread":27,"minecraft:iron_pickaxe":28,"minecraft:iron_helmet":1,"minecraft:iron_boots":1,"minecraft:stone_axe":110,"delightful:green_tea_leaf":4,"minecraft:wooden_sword":59,"minecraft:furnace":1,"alexsmobs:animal_dictionary":1,"minecraft:cobbled_deepslate":4,"quark:oak_chest":1,"minecraft:acacia_planks":15,"minecraft:iron_leggings":1},"minecraft:crafted":{"minecraft:wooden_sword":1,"minecraft:oak_planks":44,"quark:blossom_planks":56,"minecraft:crafting_table":4,"minecraft:wooden_pickaxe":1,"minecraft:iron_helmet":1,"minecraft:iron_sword":2,"minecraft:furnace":1,"minecraft:stone_axe":1,"minecraft:air":0,"minecraft:iron_chestplate":1,"minecraft:iron_boots":1,"minecraft:shield":1,"minecraft:stick":128,"quark:oak_chest":1,"minecraft:iron_ingot":31,"minecraft:iron_pickaxe":2,"minecraft:stone_pickaxe":1,"minecraft:wooden_axe":2,"minecraft:iron_leggings":1,"minecraft:acacia_planks":52,"minecraft:torch":36,"minecraft:stone_hoe":1,"sophisticatedbackpacks:iron_backpack":1},"minecraft:picked_up":{"minecraft:crafting_table":1,"alexsmobs:acacia_blossom":3,"minecraft:oak_log":8,"supplementaries:flax_seeds":1,"spawnersplus:spawner_fragment":8,"minecraft:dirt":3,"minecraft:string":8,"minecraft:moss_carpet":2,"minecraft:bone":2,"minecraft:acacia_planks":3,"minecraft:wheat_seeds":10,"minecraft:cobbled_deepslate":15,"minecraft:raw_gold":2,"twigs:pebble":1,"minecraft:iron_ingot":1,"minecraft:calcite":1,"minecraft:sugar_cane":22,"twigs:twig":2,"biomesoplenty:wildflower":1,"delightful:green_tea_leaf":4,"minecraft:oak_planks":4,"minecraft:iron_sword":1,"minecraft:acacia_sapling":14,"twilightforest:charm_of_life_1":1,"minecraft:furnace":1,"minecraft:stick":37,"minecraft:raw_iron":31,"minecraft:torch":2,"minecraft:acacia_log":71,"sophisticatedbackpacks:backpack":1,"minecraft:porkchop":3,"quark:blossom_log":78,"quark:blossom_planks":2,"minecraft:spider_eye":1,"minecraft:arrow":2,"minecraft:rotten_flesh":7,"minecraft:stone_axe":1,"quark:orange_blossom_sapling":7,"alexsmobs:rattlesnake_rattle":1,"minecraft:painting":2,"minecraft:bread":6,"supplementaries:ash":7,"minecraft:oak_sapling":2,"minecraft:mutton":4,"minecraft:coal":32,"minecraft:cobblestone":22,"minecraft:white_wool":3}},"DataVersion":3465}