{"stats":{"minecraft:picked_up":{"minecraft:acacia_log":6,"minecraft:spider_eye":1,"minecraft:string":2},"minecraft:crafted":{"minecraft:acacia_planks":4},"minecraft:mined":{"minecraft:acacia_log":6,"minecraft:tall_grass":1,"minecraft:grass":10},"minecraft:killed":{"minecraft:spider":1},"minecraft:custom":{"minecraft:jump":40,"minecraft:time_since_rest":9039,"minecraft:damage_dealt":310,"minecraft:sprint_one_cm":4487,"minecraft:leave_game":2,"minecraft:play_time":9039,"minecraft:damage_taken":156,"minecraft:time_since_death":9039,"minecraft:walk_one_cm":18821,"minecraft:sneak_time":49,"minecraft:total_world_time":9039,"minecraft:mob_kills":1,"minecraft:fall_one_cm":836,"minecraft:fly_one_cm":5594,"minecraft:crouch_one_cm":31},"minecraft:used":{"alexsmobs:animal_dictionary":1}},"DataVersion":3465}