{"stats":{"minecraft:crafted":{"minecraft:iron_ingot":3},"minecraft:killed":{"friendsandfoes:mauler":1,"alexsmobs:roadrunner":1},"minecraft:dropped":{"minecraft:iron_ingot":3,"minecraft:coal":58,"minecraft:stick":2},"minecraft:custom":{"minecraft:time_since_rest":12515,"minecraft:waystone_activated":1,"lootr:looted_stat":16,"minecraft:interact_with_furnace":3,"minecraft:sprint_one_cm":63793,"minecraft:damage_taken":350,"minecraft:walk_one_cm":157343,"minecraft:mob_kills":2,"minecraft:drop":3,"minecraft:inspect_hopper":1,"minecraft:damage_dealt":341,"minecraft:swim_one_cm":4978,"minecraft:tune_noteblock":1,"minecraft:fly_one_cm":141511,"minecraft:open_chest":6,"minecraft:crouch_one_cm":223,"minecraft:play_time":36248,"minecraft:sneak_time":78,"minecraft:walk_under_water_one_cm":3395,"minecraft:jump":771,"minecraft:leave_game":2,"minecraft:time_since_death":36248,"minecraft:walk_on_water_one_cm":18338,"minecraft:sleep_in_bed":2,"minecraft:total_world_time":36248,"minecraft:climb_one_cm":64,"minecraft:fall_one_cm":19485,"minecraft:inspect_dispenser":1},"minecraft:picked_up":{"sophisticatedbackpacks:gold_backpack":1,"minecraft:stick":2,"minecraft:iron_chestplate":1,"minecraft:torch":1,"minecraft:spyglass":1,"farmersdelight:tomato_seeds":4,"minecraft:map":1,"minecraft:iron_leggings":1,"comforts:sleeping_bag_white":3,"minecraft:iron_helmet":1,"minecraft:iron_pickaxe":1,"minecraft:ender_pearl":1},"minecraft:mined":{"minecraft:chiseled_sandstone":1,"minecraft:torch":1,"minecraft:grass":1,"minecraft:acacia_planks":1,"farmersdelight:wild_tomatoes":4},"minecraft:used":{"minecraft:bread":11,"minecraft:iron_pickaxe":1,"minecraft:iron_helmet":1,"minecraft:iron_chestplate":1,"minecraft:torch":4,"minecraft:diamond_sword":7,"minecraft:spyglass":17,"comforts:sleeping_bag_white":2,"minecraft:experience_bottle":1,"minecraft:iron_leggings":1}},"DataVersion":3465}