{"stats":{"minecraft:crafted":{"minecraft:iron_ingot":3},"minecraft:killed":{"friendsandfoes:mauler":1,"alexsmobs:roadrunner":1},"minecraft:dropped":{"minecraft:iron_ingot":3,"minecraft:coal":58,"minecraft:stick":2},"minecraft:custom":{"minecraft:time_since_rest":11,"lootr:looted_stat":14,"minecraft:interact_with_furnace":2,"minecraft:sprint_one_cm":8398,"minecraft:damage_taken":56,"minecraft:walk_one_cm":127550,"minecraft:mob_kills":2,"minecraft:drop":3,"minecraft:damage_dealt":260,"minecraft:swim_one_cm":3577,"minecraft:tune_noteblock":1,"minecraft:fly_one_cm":10945,"minecraft:open_chest":6,"minecraft:crouch_one_cm":154,"minecraft:play_time":23744,"minecraft:sneak_time":47,"minecraft:walk_under_water_one_cm":2671,"minecraft:jump":247,"minecraft:leave_game":1,"minecraft:time_since_death":23744,"minecraft:walk_on_water_one_cm":6986,"minecraft:sleep_in_bed":2,"minecraft:total_world_time":23744,"minecraft:climb_one_cm":64,"minecraft:fall_one_cm":4134,"minecraft:inspect_dispenser":1},"minecraft:picked_up":{"minecraft:stick":2,"minecraft:iron_chestplate":1,"minecraft:spyglass":1,"minecraft:map":1,"minecraft:iron_leggings":1,"comforts:sleeping_bag_white":2,"minecraft:iron_helmet":1,"minecraft:iron_pickaxe":1,"minecraft:ender_pearl":1},"minecraft:mined":{"minecraft:grass":1,"minecraft:acacia_planks":1},"minecraft:used":{"minecraft:bread":2,"minecraft:iron_helmet":1,"minecraft:iron_chestplate":1,"minecraft:torch":3,"minecraft:diamond_sword":5,"minecraft:spyglass":15,"comforts:sleeping_bag_white":2,"minecraft:experience_bottle":1,"minecraft:iron_leggings":1}},"DataVersion":3465}