{"stats":{"minecraft:crafted":{"minecraft:iron_ingot":3},"minecraft:dropped":{"minecraft:stick":2,"minecraft:iron_ingot":3},"minecraft:custom":{"minecraft:interact_with_furnace":2,"minecraft:time_since_rest":2672,"minecraft:crouch_one_cm":154,"minecraft:sprint_one_cm":981,"lootr:looted_stat":4,"minecraft:play_time":11744,"minecraft:walk_one_cm":64247,"minecraft:sneak_time":19,"minecraft:drop":2,"minecraft:jump":62,"minecraft:leave_game":1,"minecraft:walk_on_water_one_cm":522,"minecraft:time_since_death":11744,"minecraft:sleep_in_bed":1,"minecraft:total_world_time":11744,"minecraft:fly_one_cm":105,"minecraft:fall_one_cm":689},"minecraft:picked_up":{"minecraft:stick":2,"minecraft:iron_leggings":1,"minecraft:iron_chestplate":1,"comforts:sleeping_bag_white":2,"minecraft:iron_helmet":1,"minecraft:iron_pickaxe":1},"minecraft:used":{"minecraft:iron_chestplate":1,"minecraft:iron_helmet":1,"comforts:sleeping_bag_white":1,"minecraft:iron_leggings":1,"minecraft:experience_bottle":1},"minecraft:mined":{"minecraft:grass":1}},"DataVersion":3465}