{"stats":{"minecraft:dropped":{"minecraft:bread":6,"minecraft:wheat_seeds":1,"minecraft:dirt":2,"minecraft:wooden_axe":2,"minecraft:stripped_dark_oak_wood":1,"twigs:twig":3,"minecraft:stone_axe":1,"alexsmobs:maggot":1,"alexsmobs:acacia_blossom":1,"minecraft:coarse_dirt":1,"alexsmobs:animal_dictionary":1,"sophisticatedbackpacks:backpack":1,"minecraft:chiseled_stone_bricks":4,"minecraft:acacia_sapling":3},"minecraft:mined":{"minecraft:dark_oak_planks":1,"minecraft:spruce_planks":1,"minecraft:white_bed":1,"minecraft:mossy_cobblestone":2,"minecraft:spruce_trapdoor":3,"minecraft:granite":1,"minecraft:acacia_log":20,"minecraft:grass_block":11,"minecraft:coal_block":1,"minecraft:chiseled_stone_bricks":14,"minecraft:spawner":1,"minecraft:hay_block":20,"minecraft:furnace":1,"minecraft:iron_ore":16,"minecraft:stripped_dark_oak_wood":1,"minecraft:nether_brick_stairs":1,"minecraft:bookshelf":6,"minecraft:flowering_azalea_leaves":2,"quark:limestone":25,"minecraft:stone":117,"minecraft:stripped_mangrove_wood":5,"fastpaintings:painting":1,"minecraft:mangrove_stairs":3,"minecraft:stone_brick_slab":2,"minecraft:polished_granite":1,"minecraft:crafting_table":3,"minecraft:blast_furnace":1,"minecraft:calcite":23,"minecraft:dead_bush":1,"quark:blossom_log":6,"minecraft:cobblestone":3,"minecraft:sugar_cane":7,"minecraft:oak_planks":1,"minecraft:diorite":2,"twigs:tangerine_seashell":1,"minecraft:stone_brick_stairs":2,"minecraft:grass":12,"minecraft:coal_ore":23,"minecraft:gravel":26,"minecraft:dripstone_block":1,"minecraft:dirt":11,"minecraft:cobweb":1,"minecraft:cracked_stone_bricks":1,"minecraft:stone_bricks":13,"minecraft:mossy_stone_bricks":11,"minecraft:suspicious_gravel":1},"minecraft:broken":{"minecraft:iron_sword":1},"minecraft:custom":{"lootr:looted_stat":24,"minecraft:mob_kills":63,"minecraft:interact_with_crafting_table":42,"minecraft:leave_game":2,"minecraft:time_since_death":60164,"minecraft:climb_one_cm":489,"minecraft:sprint_one_cm":360064,"minecraft:walk_one_cm":389364,"minecraft:damage_blocked_by_shield":180,"minecraft:drop":16,"minecraft:talked_to_villager":5,"minecraft:play_time":133867,"minecraft:deaths":4,"minecraft:sneak_time":816,"minecraft:walk_under_water_one_cm":6395,"minecraft:boat_one_cm":53977,"minecraft:jump":2255,"minecraft:interact_with_blast_furnace":1,"minecraft:walk_on_water_one_cm":18762,"minecraft:total_world_time":133867,"minecraft:interact_with_furnace":14,"minecraft:sleep_in_bed":1,"minecraft:time_since_rest":60190,"minecraft:waystone_activated":3,"minecraft:damage_taken":2868,"minecraft:damage_dealt":16206,"twilightforest:life_charms_activated":1,"minecraft:swim_one_cm":36962,"minecraft:fly_one_cm":434684,"minecraft:open_chest":11,"minecraft:crouch_one_cm":1622,"minecraft:fall_one_cm":49973},"minecraft:killed_by":{"minecraft:husk":3},"minecraft:killed":{"alexsmobs:tarantula_hawk":1,"minecraft:spider":3,"minecraft:horse":2,"friendsandfoes:mauler":1,"minecraft:chicken":1,"minecraft:husk":36,"alexsmobs:emu":1,"minecraft:sheep":6,"minecraft:pillager":2,"minecraft:zombie":2,"alexsmobs:gazelle":2,"alexsmobs:fly":1,"minecraft:cow":4},"minecraft:used":{"minecraft:stone_sword":9,"minecraft:iron_shovel":42,"minecraft:spruce_planks":1,"minecraft:shield":3,"minecraft:iron_sword":367,"minecraft:iron_chestplate":1,"minecraft:torch":28,"minecraft:dark_oak_planks":1,"minecraft:wooden_axe":15,"minecraft:iron_helmet":1,"minecraft:iron_boots":1,"minecraft:furnace":2,"minecraft:acacia_planks":18,"minecraft:iron_leggings":1,"minecraft:stone_pickaxe":89,"minecraft:oak_planks":3,"minecraft:wooden_pickaxe":19,"minecraft:white_wool":2,"boatload:crimson_boat":1,"minecraft:crafting_table":10,"quark:acacia_chest":1,"minecraft:white_bed":3,"waystones:waystone":1,"minecraft:bread":42,"minecraft:iron_pickaxe":157,"minecraft:stone_axe":46,"minecraft:cobblestone":20},"minecraft:crafted":{"minecraft:cherry_planks":4,"minecraft:oak_planks":16,"minecraft:furnace":1,"quark:acacia_chest":3,"minecraft:iron_boots":1,"minecraft:stone_pickaxe":1,"sophisticatedbackpacks:iron_backpack":1,"minecraft:wheat":145,"sophisticatedbackpacks:backpack":2,"quark:blossom_planks":8,"minecraft:crafting_table":7,"minecraft:wooden_pickaxe":1,"minecraft:iron_helmet":1,"minecraft:iron_sword":2,"minecraft:stone_axe":2,"minecraft:bread":48,"minecraft:air":0,"minecraft:iron_chestplate":1,"minecraft:shield":1,"minecraft:stick":22,"minecraft:iron_ingot":15,"minecraft:wooden_axe":1,"minecraft:stone_sword":1,"minecraft:iron_shovel":1,"minecraft:iron_leggings":1,"minecraft:white_bed":2,"minecraft:acacia_planks":84,"minecraft:torch":28},"minecraft:picked_up":{"minecraft:wooden_axe":2,"minecraft:crafting_table":3,"minecraft:coarse_dirt":2,"minecraft:wheat":8,"minecraft:chicken":1,"minecraft:stone_brick_stairs":1,"spawnersplus:spawner_fragment":2,"alexsmobs:gazelle_horn":2,"minecraft:string":8,"minecraft:experience_bottle":1,"minecraft:cracked_stone_bricks":1,"twigs:pebble":13,"minecraft:spruce_planks":1,"minecraft:calcite":21,"minecraft:iron_pickaxe":1,"minecraft:sugar_cane":19,"delightful:green_tea_leaf":3,"minecraft:coal_block":1,"minecraft:spruce_trapdoor":3,"minecraft:furnace":1,"minecraft:stick":1,"minecraft:raw_iron":15,"minecraft:stripped_mangrove_wood":2,"minecraft:torch":1,"minecraft:acacia_log":21,"quark:blossom_log":37,"minecraft:diorite":1,"minecraft:dark_oak_planks":1,"minecraft:rotten_flesh":44,"quark:orange_blossom_sapling":8,"minecraft:hay_block":19,"minecraft:stripped_dark_oak_wood":1,"alexsmobs:emu_egg":1,"supplementaries:ash":3,"minecraft:glow_berries":2,"minecraft:mutton":11,"twigs:tangerine_seashell":1,"minecraft:white_wool":5,"minecraft:cobblestone":112,"minecraft:feather":6,"minecraft:leather":11,"alexsmobs:acacia_blossom":1,"minecraft:flint":4,"quark:limestone":25,"minecraft:dirt":24,"minecraft:polished_granite":1,"minecraft:acacia_planks":1,"minecraft:stone_bricks":10,"minecraft:wheat_seeds":1,"minecraft:iron_ingot":4,"minecraft:mossy_stone_bricks":11,"twigs:twig":4,"minecraft:oak_planks":1,"minecraft:acacia_sapling":3,"minecraft:book":18,"minecraft:chiseled_stone_bricks":13,"minecraft:stone_brick_slab":2,"minecraft:dripstone_block":1,"minecraft:gravel":22,"minecraft:sand":2,"minecraft:blast_furnace":1,"minecraft:white_bed":1,"alexsmobs:animal_dictionary":1,"minecraft:crossbow":1,"minecraft:granite":1,"minecraft:emerald":2,"alexsmobs:maggot":1,"minecraft:coal":40}},"DataVersion":3465}