{"stats":{"minecraft:broken":{"minecraft:iron_sword":1,"minecraft:iron_pickaxe":1},"minecraft:killed":{"alexsmobs:tarantula_hawk":1,"minecraft:spider":9,"minecraft:skeleton":5,"minecraft:horse":2,"friendsandfoes:mauler":2,"minecraft:chicken":1,"minecraft:husk":40,"minecraft:zombie_villager":1,"alexsmobs:emu":1,"minecraft:sheep":6,"minecraft:pillager":2,"minecraft:zombie":46,"alexsmobs:gazelle":2,"alexsmobs:roadrunner":1,"alexsmobs:fly":1,"minecraft:cow":7},"minecraft:crafted":{"minecraft:cherry_planks":4,"minecraft:oak_planks":16,"comforts:sleeping_bag_white":1,"minecraft:furnace":1,"sophisticatedbackpacks:crafting_upgrade":2,"quark:blossom_chest":5,"minecraft:cooked_mutton":4,"quark:acacia_chest":3,"minecraft:iron_boots":1,"minecraft:stone_pickaxe":1,"sophisticatedbackpacks:iron_backpack":1,"minecraft:wheat":163,"minecraft:cooked_beef":3,"farmersdelight:cooked_mutton_chops":4,"sophisticatedbackpacks:backpack":2,"quark:blossom_planks":60,"minecraft:cooked_porkchop":3,"minecraft:crafting_table":11,"minecraft:wooden_pickaxe":1,"minecraft:iron_helmet":1,"minecraft:iron_sword":3,"sophisticatedbackpacks:gold_backpack":2,"minecraft:stone_axe":2,"sophisticatedbackpacks:upgrade_base":2,"minecraft:bread":48,"minecraft:air":0,"minecraft:blue_dye":1,"minecraft:white_wool":4,"minecraft:iron_chestplate":1,"minecraft:shield":1,"minecraft:stick":54,"another_furniture:furniture_hammer":1,"minecraft:iron_ingot":30,"minecraft:iron_pickaxe":2,"minecraft:wooden_axe":1,"minecraft:stone_sword":1,"minecraft:iron_leggings":1,"minecraft:iron_shovel":1,"farmersdelight:cooked_bacon":6,"minecraft:gold_ingot":9,"minecraft:white_bed":2,"minecraft:acacia_planks":96,"minecraft:torch":208},"minecraft:dropped":{"minecraft:bread":6,"minecraft:iron_sword":1,"minecraft:wheat_seeds":1,"minecraft:dirt":2,"minecraft:torch":14,"minecraft:wooden_axe":2,"minecraft:stripped_dark_oak_wood":1,"minecraft:iron_pickaxe":2,"sophisticatedbackpacks:crafting_upgrade":1,"minecraft:gold_ingot":8,"twigs:twig":3,"minecraft:stone_axe":2,"alexsmobs:maggot":1,"alexsmobs:acacia_blossom":1,"minecraft:stone_sword":1,"minecraft:coarse_dirt":1,"alexsmobs:animal_dictionary":1,"sophisticatedbackpacks:backpack":1,"minecraft:chiseled_stone_bricks":4,"minecraft:acacia_sapling":3,"minecraft:stone_pickaxe":1},"minecraft:custom":{"lootr:looted_stat":42,"minecraft:mob_kills":128,"minecraft:interact_with_crafting_table":59,"minecraft:leave_game":4,"minecraft:time_since_death":154582,"minecraft:climb_one_cm":3983,"minecraft:sprint_one_cm":692561,"minecraft:walk_one_cm":711083,"minecraft:damage_blocked_by_shield":270,"minecraft:drop":25,"minecraft:talked_to_villager":5,"minecraft:play_time":228285,"minecraft:deaths":4,"minecraft:sneak_time":1207,"minecraft:walk_under_water_one_cm":10743,"minecraft:boat_one_cm":53977,"minecraft:jump":3773,"minecraft:interact_with_blast_furnace":1,"minecraft:walk_on_water_one_cm":35099,"minecraft:total_world_time":228285,"minecraft:interact_with_furnace":27,"minecraft:interact_with_stonecutter":2,"minecraft:sleep_in_bed":1,"minecraft:time_since_rest":154608,"minecraft:waystone_activated":3,"minecraft:damage_taken":4439,"minecraft:damage_dealt":27402,"twilightforest:life_charms_activated":1,"minecraft:fly_one_cm":732866,"minecraft:swim_one_cm":53897,"minecraft:crouch_one_cm":3543,"minecraft:open_chest":15,"minecraft:interact_with_smoker":7,"minecraft:fall_one_cm":86224},"minecraft:picked_up":{"minecraft:wooden_axe":2,"minecraft:seagrass":6,"minecraft:crafting_table":3,"minecraft:coarse_dirt":2,"minecraft:wheat":8,"minecraft:chicken":1,"minecraft:flower_pot":1,"minecraft:gold_block":1,"minecraft:stone_brick_stairs":1,"spawnersplus:spawner_fragment":5,"minecraft:shield":1,"alexsmobs:gazelle_horn":2,"minecraft:string":15,"minecraft:raw_copper":20,"minecraft:experience_bottle":2,"minecraft:cracked_stone_bricks":1,"minecraft:gold_nugget":15,"twigs:pebble":13,"minecraft:spruce_planks":1,"minecraft:beef":7,"minecraft:player_head":2,"minecraft:calcite":21,"minecraft:iron_nugget":28,"minecraft:poppy":1,"minecraft:iron_pickaxe":2,"minecraft:coal_block":1,"delightful:green_tea_leaf":3,"minecraft:sugar_cane":73,"minecraft:spruce_trapdoor":3,"farmersdelight:cabbage_seeds":1,"minecraft:furnace":1,"minecraft:stick":21,"minecraft:raw_iron":67,"minecraft:stripped_mangrove_wood":2,"minecraft:torch":13,"minecraft:acacia_log":25,"quark:blossom_log":65,"minecraft:diorite":2,"minecraft:dark_oak_planks":1,"minecraft:brown_carpet":2,"minecraft:arrow":7,"minecraft:rotten_flesh":89,"quark:orange_blossom_sapling":8,"supplementaries:antique_ink":2,"minecraft:hay_block":59,"minecraft:stripped_dark_oak_wood":1,"alexsmobs:emu_egg":1,"minecraft:gold_ingot":3,"supplementaries:ash":24,"minecraft:bone_block":26,"minecraft:glow_berries":6,"minecraft:mutton":11,"twigs:tangerine_seashell":1,"minecraft:cobblestone":134,"minecraft:white_wool":5,"minecraft:skeleton_skull":1,"minecraft:feather":6,"minecraft:andesite":2,"alexsmobs:acacia_blossom":1,"minecraft:orange_carpet":1,"minecraft:leather":14,"minecraft:fern":1,"minecraft:flint":4,"supplementaries:flax_seeds":2,"farmersdelight:tomato":5,"minecraft:lapis_lazuli":1,"quark:limestone":25,"minecraft:dirt":26,"minecraft:polished_granite":1,"minecraft:bone":11,"minecraft:acacia_planks":19,"minecraft:stone_bricks":10,"minecraft:bow":1,"minecraft:wheat_seeds":5,"minecraft:iron_ingot":4,"minecraft:mossy_stone_bricks":11,"twigs:twig":4,"minecraft:oak_planks":1,"minecraft:iron_sword":1,"minecraft:acacia_sapling":3,"minecraft:book":45,"minecraft:scaffolding":3,"minecraft:cooked_porkchop":2,"minecraft:chiseled_stone_bricks":13,"minecraft:stone_brick_slab":2,"minecraft:gravel":22,"minecraft:dripstone_block":1,"minecraft:sand":2,"minecraft:red_banner":1,"minecraft:blast_furnace":1,"minecraft:acacia_stairs":1,"minecraft:white_bed":1,"alexsmobs:animal_dictionary":1,"minecraft:spider_eye":4,"minecraft:granite":3,"minecraft:crossbow":2,"minecraft:grass":4,"minecraft:emerald":2,"alexsmobs:maggot":1,"minecraft:coal":48},"minecraft:killed_by":{"minecraft:husk":3},"minecraft:used":{"minecraft:stone_sword":11,"minecraft:iron_shovel":42,"minecraft:bone_block":17,"minecraft:spruce_planks":1,"minecraft:shield":6,"minecraft:iron_sword":642,"minecraft:player_head":2,"minecraft:iron_chestplate":1,"minecraft:torch":210,"minecraft:dirt":2,"minecraft:dark_oak_planks":1,"minecraft:wooden_axe":15,"minecraft:iron_helmet":1,"minecraft:iron_boots":1,"quark:blossom_chest":3,"minecraft:scaffolding":3,"minecraft:furnace":2,"minecraft:acacia_planks":22,"minecraft:iron_leggings":1,"minecraft:water_bucket":1,"minecraft:stone_pickaxe":126,"minecraft:oak_planks":3,"minecraft:wooden_pickaxe":19,"minecraft:white_wool":2,"minecraft:sand":2,"boatload:crimson_boat":1,"minecraft:crafting_table":12,"quark:acacia_chest":1,"minecraft:white_bed":3,"waystones:waystone":1,"minecraft:bread":83,"minecraft:iron_pickaxe":247,"minecraft:stone_axe":77,"minecraft:cobblestone":30,"minecraft:andesite":2,"minecraft:experience_bottle":6},"minecraft:mined":{"minecraft:dark_oak_planks":1,"minecraft:spruce_planks":1,"minecraft:white_bed":1,"minecraft:mossy_cobblestone":2,"minecraft:spruce_trapdoor":3,"minecraft:granite":3,"biomesoplenty:bush":2,"minecraft:acacia_log":24,"minecraft:grass_block":12,"minecraft:coal_block":1,"minecraft:chiseled_stone_bricks":14,"minecraft:spawner":6,"minecraft:hay_block":60,"minecraft:furnace":1,"minecraft:iron_ore":68,"minecraft:acacia_stairs":1,"minecraft:andesite":2,"minecraft:stripped_dark_oak_wood":1,"minecraft:nether_brick_stairs":1,"minecraft:gold_block":1,"minecraft:bookshelf":15,"minecraft:flowering_azalea_leaves":2,"quark:limestone":25,"minecraft:stripped_mangrove_wood":5,"minecraft:stone":134,"minecraft:bone_block":26,"fastpaintings:painting":1,"minecraft:scaffolding":3,"minecraft:mangrove_stairs":3,"minecraft:glass_pane":2,"minecraft:stone_brick_slab":2,"minecraft:polished_granite":1,"minecraft:crafting_table":3,"minecraft:blast_furnace":1,"minecraft:calcite":23,"minecraft:dead_bush":1,"quark:blossom_log":6,"minecraft:tall_grass":1,"minecraft:copper_ore":5,"minecraft:cobblestone":9,"minecraft:sugar_cane":29,"minecraft:oak_planks":1,"minecraft:wall_torch":1,"minecraft:diorite":3,"supplementaries:urn":12,"twigs:tangerine_seashell":1,"minecraft:potted_poppy":1,"minecraft:stone_brick_stairs":2,"minecraft:red_wall_banner":1,"minecraft:grass":17,"minecraft:coal_ore":31,"minecraft:gravel":26,"minecraft:dripstone_block":1,"minecraft:dirt":12,"minecraft:cobweb":1,"minecraft:cracked_stone_bricks":1,"minecraft:stone_bricks":13,"minecraft:mossy_stone_bricks":11,"minecraft:oak_leaves":1,"minecraft:fern":2,"minecraft:suspicious_gravel":1}},"DataVersion":3465}