{"stats":{"minecraft:picked_up":{"minecraft:wooden_axe":2,"minecraft:crafting_table":2,"minecraft:feather":3,"minecraft:chicken":1,"alexsmobs:acacia_blossom":1,"alexsmobs:gazelle_horn":2,"minecraft:dirt":3,"minecraft:stone_bricks":2,"minecraft:wheat_seeds":1,"twigs:twig":4,"delightful:green_tea_leaf":3,"minecraft:acacia_sapling":3,"minecraft:furnace":1,"minecraft:stick":1,"minecraft:raw_iron":15,"minecraft:chiseled_stone_bricks":4,"minecraft:acacia_log":21,"minecraft:dripstone_block":1,"quark:blossom_log":37,"minecraft:white_bed":1,"minecraft:rotten_flesh":5,"quark:orange_blossom_sapling":4,"minecraft:hay_block":5,"minecraft:granite":1,"alexsmobs:emu_egg":1,"supplementaries:ash":3,"minecraft:mutton":2,"minecraft:coal":37,"minecraft:cobblestone":34,"minecraft:white_wool":1},"minecraft:crafted":{"minecraft:oak_planks":16,"quark:blossom_planks":8,"minecraft:crafting_table":3,"minecraft:wooden_pickaxe":1,"minecraft:iron_sword":1,"minecraft:furnace":1,"minecraft:stone_axe":2,"minecraft:bread":9,"minecraft:air":0,"minecraft:iron_boots":1,"minecraft:iron_chestplate":1,"minecraft:shield":1,"minecraft:stick":12,"minecraft:iron_ingot":15,"minecraft:stone_pickaxe":1,"minecraft:wooden_axe":1,"minecraft:white_bed":2,"minecraft:acacia_planks":84,"minecraft:torch":4,"minecraft:wheat":27},"minecraft:mined":{"minecraft:white_bed":1,"minecraft:crafting_table":2,"minecraft:granite":1,"minecraft:acacia_log":20,"minecraft:grass_block":1,"minecraft:dead_bush":1,"quark:blossom_log":6,"minecraft:cobblestone":1,"minecraft:sugar_cane":1,"minecraft:chiseled_stone_bricks":4,"minecraft:hay_block":5,"minecraft:furnace":1,"minecraft:iron_ore":16,"minecraft:grass":9,"minecraft:coal_ore":20,"minecraft:dripstone_block":1,"minecraft:stone_bricks":5,"minecraft:stone":35},"minecraft:killed":{"minecraft:spider":1,"alexsmobs:emu":1,"minecraft:sheep":1,"minecraft:zombie":2,"friendsandfoes:mauler":1,"minecraft:chicken":1,"alexsmobs:gazelle":2,"alexsmobs:fly":1},"minecraft:custom":{"lootr:looted_stat":2,"minecraft:interact_with_furnace":11,"minecraft:mob_kills":11,"minecraft:interact_with_crafting_table":18,"minecraft:leave_game":1,"minecraft:time_since_death":46482,"minecraft:sleep_in_bed":1,"minecraft:climb_one_cm":36,"minecraft:time_since_rest":2778,"minecraft:sprint_one_cm":133262,"minecraft:damage_taken":210,"minecraft:walk_one_cm":100444,"minecraft:drop":9,"minecraft:damage_dealt":982,"minecraft:swim_one_cm":13071,"minecraft:fly_one_cm":198830,"minecraft:crouch_one_cm":1305,"minecraft:play_time":46482,"minecraft:sneak_time":697,"minecraft:walk_under_water_one_cm":1490,"minecraft:jump":1031,"minecraft:walk_on_water_one_cm":7180,"minecraft:total_world_time":46482,"minecraft:fall_one_cm":26486},"minecraft:used":{"minecraft:stone_pickaxe":65,"minecraft:oak_planks":3,"minecraft:wooden_pickaxe":19,"minecraft:iron_sword":13,"minecraft:iron_chestplate":1,"minecraft:torch":7,"minecraft:crafting_table":5,"minecraft:white_bed":2,"minecraft:wooden_axe":15,"minecraft:bread":10,"minecraft:iron_boots":1,"minecraft:stone_axe":19,"minecraft:cobblestone":17,"minecraft:furnace":1},"minecraft:dropped":{"minecraft:bread":6,"minecraft:stone_axe":1,"minecraft:wheat_seeds":1,"minecraft:chiseled_stone_bricks":4,"minecraft:dirt":2,"minecraft:wooden_axe":2,"minecraft:acacia_sapling":3}},"DataVersion":3465}