{"stats":{"minecraft:picked_up":{"minecraft:wooden_axe":2,"minecraft:coarse_dirt":1,"minecraft:crafting_table":2,"minecraft:feather":6,"minecraft:chicken":1,"alexsmobs:acacia_blossom":1,"spawnersplus:spawner_fragment":2,"alexsmobs:gazelle_horn":2,"minecraft:dirt":3,"minecraft:acacia_planks":1,"minecraft:stone_bricks":2,"minecraft:wheat_seeds":1,"minecraft:spruce_planks":1,"minecraft:calcite":16,"minecraft:iron_pickaxe":1,"minecraft:coal_block":1,"twigs:twig":4,"delightful:green_tea_leaf":3,"minecraft:oak_planks":1,"minecraft:spruce_trapdoor":3,"minecraft:acacia_sapling":3,"minecraft:furnace":1,"minecraft:stripped_mangrove_wood":2,"minecraft:stick":1,"minecraft:raw_iron":15,"minecraft:chiseled_stone_bricks":4,"minecraft:acacia_log":21,"minecraft:dripstone_block":1,"quark:blossom_log":37,"minecraft:blast_furnace":1,"minecraft:diorite":1,"minecraft:white_bed":1,"minecraft:dark_oak_planks":1,"minecraft:rotten_flesh":38,"quark:orange_blossom_sapling":4,"minecraft:hay_block":5,"minecraft:granite":1,"minecraft:stripped_dark_oak_wood":1,"alexsmobs:emu_egg":1,"alexsmobs:maggot":1,"supplementaries:ash":3,"minecraft:mutton":2,"minecraft:coal":40,"minecraft:cobblestone":40,"minecraft:white_wool":1},"minecraft:crafted":{"minecraft:oak_planks":16,"quark:blossom_planks":8,"minecraft:crafting_table":4,"minecraft:wooden_pickaxe":1,"minecraft:iron_sword":2,"minecraft:furnace":1,"minecraft:stone_axe":2,"minecraft:bread":15,"minecraft:air":0,"quark:acacia_chest":1,"minecraft:iron_boots":1,"minecraft:iron_chestplate":1,"minecraft:shield":1,"minecraft:stick":12,"minecraft:iron_ingot":15,"minecraft:stone_pickaxe":1,"minecraft:wooden_axe":1,"minecraft:white_bed":2,"minecraft:acacia_planks":84,"minecraft:torch":4,"minecraft:wheat":45},"minecraft:mined":{"minecraft:dark_oak_planks":1,"minecraft:spruce_planks":1,"minecraft:white_bed":1,"minecraft:crafting_table":2,"minecraft:spruce_trapdoor":3,"minecraft:granite":1,"minecraft:blast_furnace":1,"minecraft:acacia_log":20,"minecraft:calcite":18,"minecraft:grass_block":1,"minecraft:dead_bush":1,"quark:blossom_log":6,"minecraft:coal_block":1,"minecraft:cobblestone":3,"minecraft:oak_planks":1,"minecraft:sugar_cane":1,"minecraft:diorite":1,"minecraft:spawner":1,"minecraft:chiseled_stone_bricks":4,"minecraft:hay_block":5,"minecraft:furnace":1,"minecraft:iron_ore":16,"minecraft:nether_brick_stairs":1,"minecraft:stripped_dark_oak_wood":1,"minecraft:grass":9,"minecraft:coal_ore":23,"minecraft:dripstone_block":1,"minecraft:stripped_mangrove_wood":2,"minecraft:stone_bricks":5,"minecraft:stone":39},"minecraft:killed":{"minecraft:husk":30,"minecraft:spider":2,"alexsmobs:emu":1,"minecraft:sheep":1,"minecraft:zombie":2,"friendsandfoes:mauler":1,"minecraft:chicken":1,"alexsmobs:gazelle":2,"alexsmobs:fly":1},"minecraft:broken":{"minecraft:iron_sword":1},"minecraft:custom":{"lootr:looted_stat":6,"minecraft:interact_with_furnace":13,"minecraft:mob_kills":42,"minecraft:interact_with_crafting_table":22,"minecraft:leave_game":1,"minecraft:time_since_death":14049,"minecraft:sleep_in_bed":1,"minecraft:climb_one_cm":218,"minecraft:time_since_rest":14076,"minecraft:sprint_one_cm":180117,"minecraft:damage_taken":1428,"minecraft:walk_one_cm":230383,"minecraft:damage_blocked_by_shield":100,"minecraft:drop":9,"minecraft:damage_dealt":12535,"twilightforest:life_charms_activated":1,"minecraft:swim_one_cm":13071,"minecraft:fly_one_cm":226841,"minecraft:open_chest":4,"minecraft:crouch_one_cm":1405,"minecraft:play_time":70482,"minecraft:deaths":1,"minecraft:sneak_time":710,"minecraft:walk_under_water_one_cm":1490,"minecraft:jump":1179,"minecraft:interact_with_blast_furnace":1,"minecraft:walk_on_water_one_cm":7180,"minecraft:total_world_time":70482,"minecraft:fall_one_cm":30345},"minecraft:used":{"minecraft:stone_pickaxe":87,"minecraft:oak_planks":3,"minecraft:spruce_planks":1,"minecraft:shield":1,"minecraft:wooden_pickaxe":19,"minecraft:iron_sword":295,"minecraft:iron_chestplate":1,"minecraft:torch":21,"minecraft:crafting_table":6,"quark:acacia_chest":1,"minecraft:white_bed":3,"minecraft:dark_oak_planks":1,"minecraft:wooden_axe":15,"minecraft:bread":25,"minecraft:iron_pickaxe":10,"minecraft:iron_boots":1,"minecraft:stone_axe":28,"minecraft:cobblestone":19,"minecraft:furnace":2,"minecraft:acacia_planks":5},"minecraft:dropped":{"minecraft:bread":6,"minecraft:stone_axe":1,"minecraft:wheat_seeds":1,"minecraft:chiseled_stone_bricks":4,"minecraft:dirt":2,"minecraft:wooden_axe":2,"minecraft:acacia_sapling":3}},"DataVersion":3465}