{"stats":{"minecraft:picked_up":{"minecraft:spruce_log":2,"minecraft:sugar_cane":14,"minecraft:dirt":12},"minecraft:mined":{"minecraft:sugar_cane":3},"minecraft:custom":{"minecraft:jump":90,"minecraft:time_since_rest":11567,"minecraft:damage_dealt":10,"minecraft:crouch_one_cm":290,"minecraft:leave_game":3,"minecraft:sprint_one_cm":10829,"minecraft:play_time":11567,"minecraft:damage_taken":20,"minecraft:time_since_death":11567,"minecraft:walk_one_cm":7810,"minecraft:climb_one_cm":366,"minecraft:sneak_time":239,"minecraft:total_world_time":11567,"minecraft:fall_one_cm":1440,"minecraft:fly_one_cm":64697}},"DataVersion":3465}