{"stats":{"minecraft:picked_up":{"minecraft:stick":1,"minecraft:rotten_flesh":5,"minecraft:wheat_seeds":1,"minecraft:acacia_log":5,"supplementaries:ash":3},"minecraft:mined":{"minecraft:grass":6,"minecraft:acacia_log":6,"minecraft:dead_bush":1},"minecraft:killed":{"minecraft:spider":1,"minecraft:zombie":2},"minecraft:custom":{"minecraft:time_since_rest":10482,"minecraft:crouch_one_cm":211,"minecraft:play_time":10482,"minecraft:sprint_one_cm":11356,"minecraft:damage_taken":90,"minecraft:walk_one_cm":25683,"minecraft:sneak_time":57,"minecraft:mob_kills":4,"minecraft:jump":166,"minecraft:damage_dealt":282,"minecraft:leave_game":1,"minecraft:time_since_death":10482,"minecraft:total_world_time":10482,"minecraft:fall_one_cm":4391,"minecraft:fly_one_cm":23406}},"DataVersion":3465}