{"stats":{"minecraft:killed_by":{"minecraft:husk":3},"minecraft:picked_up":{"minecraft:wooden_axe":2,"minecraft:coarse_dirt":2,"minecraft:crafting_table":2,"minecraft:feather":6,"minecraft:chicken":1,"alexsmobs:acacia_blossom":1,"spawnersplus:spawner_fragment":2,"alexsmobs:gazelle_horn":2,"minecraft:dirt":3,"minecraft:acacia_planks":1,"minecraft:stone_bricks":2,"minecraft:wheat_seeds":1,"minecraft:spruce_planks":1,"minecraft:calcite":21,"minecraft:iron_pickaxe":1,"minecraft:coal_block":1,"twigs:twig":4,"delightful:green_tea_leaf":3,"minecraft:oak_planks":1,"minecraft:spruce_trapdoor":3,"minecraft:acacia_sapling":3,"minecraft:furnace":1,"minecraft:stripped_mangrove_wood":2,"minecraft:stick":1,"minecraft:raw_iron":15,"minecraft:chiseled_stone_bricks":4,"minecraft:acacia_log":21,"minecraft:dripstone_block":1,"quark:blossom_log":37,"minecraft:blast_furnace":1,"minecraft:diorite":1,"minecraft:white_bed":1,"minecraft:dark_oak_planks":1,"minecraft:rotten_flesh":44,"quark:orange_blossom_sapling":8,"minecraft:hay_block":5,"minecraft:crossbow":1,"minecraft:granite":1,"minecraft:stripped_dark_oak_wood":1,"alexsmobs:emu_egg":1,"minecraft:emerald":1,"alexsmobs:maggot":1,"supplementaries:ash":3,"minecraft:mutton":2,"minecraft:coal":40,"minecraft:cobblestone":40,"minecraft:white_wool":1},"minecraft:crafted":{"minecraft:oak_planks":16,"quark:blossom_planks":8,"minecraft:crafting_table":5,"minecraft:wooden_pickaxe":1,"minecraft:iron_helmet":1,"minecraft:iron_sword":2,"minecraft:furnace":1,"minecraft:stone_axe":2,"minecraft:bread":15,"minecraft:air":0,"quark:acacia_chest":1,"minecraft:iron_boots":1,"minecraft:iron_chestplate":1,"minecraft:shield":1,"minecraft:stick":14,"minecraft:iron_ingot":15,"minecraft:stone_pickaxe":1,"minecraft:wooden_axe":1,"minecraft:stone_sword":1,"minecraft:iron_leggings":1,"minecraft:white_bed":2,"minecraft:acacia_planks":84,"minecraft:torch":4,"minecraft:wheat":45},"minecraft:mined":{"minecraft:dark_oak_planks":1,"minecraft:mangrove_stairs":3,"minecraft:spruce_planks":1,"minecraft:white_bed":1,"minecraft:crafting_table":2,"minecraft:spruce_trapdoor":3,"minecraft:granite":1,"minecraft:blast_furnace":1,"minecraft:acacia_log":20,"minecraft:calcite":23,"minecraft:grass_block":1,"minecraft:dead_bush":1,"quark:blossom_log":6,"minecraft:coal_block":1,"minecraft:cobblestone":3,"minecraft:oak_planks":1,"minecraft:sugar_cane":1,"minecraft:diorite":1,"minecraft:spawner":1,"minecraft:chiseled_stone_bricks":4,"minecraft:hay_block":5,"minecraft:furnace":1,"minecraft:iron_ore":16,"minecraft:nether_brick_stairs":1,"minecraft:stripped_dark_oak_wood":1,"minecraft:grass":9,"minecraft:coal_ore":23,"minecraft:flowering_azalea_leaves":2,"minecraft:dripstone_block":1,"minecraft:stripped_mangrove_wood":5,"minecraft:stone_bricks":5,"minecraft:stone":39},"minecraft:killed":{"minecraft:husk":36,"alexsmobs:tarantula_hawk":1,"minecraft:spider":2,"alexsmobs:emu":1,"minecraft:sheep":1,"minecraft:pillager":1,"minecraft:zombie":2,"friendsandfoes:mauler":1,"minecraft:chicken":1,"alexsmobs:gazelle":2,"alexsmobs:fly":1},"minecraft:broken":{"minecraft:iron_sword":1},"minecraft:custom":{"lootr:looted_stat":7,"minecraft:interact_with_furnace":14,"minecraft:mob_kills":50,"minecraft:interact_with_crafting_table":27,"minecraft:leave_game":1,"minecraft:time_since_death":8779,"minecraft:sleep_in_bed":1,"minecraft:climb_one_cm":218,"minecraft:time_since_rest":8805,"minecraft:sprint_one_cm":208143,"minecraft:damage_taken":2477,"minecraft:walk_one_cm":277850,"minecraft:damage_blocked_by_shield":140,"minecraft:drop":10,"minecraft:damage_dealt":14596,"twilightforest:life_charms_activated":1,"minecraft:swim_one_cm":16513,"minecraft:fly_one_cm":288172,"minecraft:open_chest":6,"minecraft:crouch_one_cm":1424,"minecraft:play_time":82482,"minecraft:deaths":4,"minecraft:sneak_time":742,"minecraft:walk_under_water_one_cm":1580,"minecraft:jump":1543,"minecraft:interact_with_blast_furnace":1,"minecraft:walk_on_water_one_cm":8964,"minecraft:total_world_time":82482,"minecraft:fall_one_cm":37077},"minecraft:used":{"minecraft:stone_sword":6,"minecraft:stone_pickaxe":88,"minecraft:oak_planks":3,"minecraft:spruce_planks":1,"minecraft:shield":2,"minecraft:wooden_pickaxe":19,"minecraft:iron_sword":316,"minecraft:iron_chestplate":1,"minecraft:torch":21,"minecraft:crafting_table":7,"quark:acacia_chest":1,"minecraft:white_bed":3,"minecraft:dark_oak_planks":1,"minecraft:wooden_axe":15,"minecraft:bread":27,"minecraft:iron_pickaxe":16,"minecraft:iron_helmet":1,"minecraft:iron_boots":1,"minecraft:stone_axe":34,"minecraft:cobblestone":20,"minecraft:furnace":2,"minecraft:acacia_planks":5,"minecraft:iron_leggings":1},"minecraft:dropped":{"minecraft:bread":6,"minecraft:stone_axe":1,"minecraft:wheat_seeds":1,"minecraft:coarse_dirt":1,"minecraft:chiseled_stone_bricks":4,"minecraft:dirt":2,"minecraft:wooden_axe":2,"minecraft:acacia_sapling":3}},"DataVersion":3465}