{"stats":{"minecraft:killed_by":{"minecraft:husk":3},"minecraft:picked_up":{"minecraft:wooden_axe":2,"minecraft:crafting_table":3,"minecraft:coarse_dirt":2,"minecraft:wheat":8,"minecraft:chicken":1,"spawnersplus:spawner_fragment":2,"alexsmobs:gazelle_horn":2,"minecraft:string":8,"minecraft:experience_bottle":1,"minecraft:spruce_planks":1,"minecraft:calcite":21,"minecraft:iron_pickaxe":1,"delightful:green_tea_leaf":3,"minecraft:coal_block":1,"minecraft:spruce_trapdoor":3,"minecraft:furnace":1,"minecraft:stick":1,"minecraft:raw_iron":15,"minecraft:stripped_mangrove_wood":2,"minecraft:torch":1,"minecraft:acacia_log":21,"quark:blossom_log":37,"minecraft:diorite":1,"minecraft:dark_oak_planks":1,"minecraft:rotten_flesh":44,"quark:orange_blossom_sapling":8,"minecraft:hay_block":17,"minecraft:stripped_dark_oak_wood":1,"alexsmobs:emu_egg":1,"supplementaries:ash":3,"minecraft:mutton":11,"minecraft:white_wool":5,"minecraft:cobblestone":40,"minecraft:feather":6,"minecraft:leather":11,"alexsmobs:acacia_blossom":1,"minecraft:dirt":3,"minecraft:acacia_planks":1,"minecraft:stone_bricks":2,"minecraft:wheat_seeds":1,"minecraft:iron_ingot":4,"twigs:twig":4,"minecraft:oak_planks":1,"minecraft:acacia_sapling":3,"minecraft:chiseled_stone_bricks":4,"minecraft:dripstone_block":1,"minecraft:blast_furnace":1,"minecraft:white_bed":1,"alexsmobs:animal_dictionary":1,"minecraft:granite":1,"minecraft:crossbow":1,"minecraft:emerald":2,"alexsmobs:maggot":1,"minecraft:coal":40},"minecraft:crafted":{"minecraft:oak_planks":16,"minecraft:furnace":1,"quark:acacia_chest":3,"minecraft:iron_boots":1,"minecraft:stone_pickaxe":1,"sophisticatedbackpacks:iron_backpack":1,"minecraft:wheat":145,"sophisticatedbackpacks:backpack":2,"quark:blossom_planks":8,"minecraft:crafting_table":7,"minecraft:wooden_pickaxe":1,"minecraft:iron_helmet":1,"minecraft:iron_sword":2,"minecraft:stone_axe":2,"minecraft:bread":48,"minecraft:air":0,"minecraft:iron_chestplate":1,"minecraft:shield":1,"minecraft:stick":14,"minecraft:iron_ingot":15,"minecraft:wooden_axe":1,"minecraft:stone_sword":1,"minecraft:iron_leggings":1,"minecraft:white_bed":2,"minecraft:acacia_planks":84,"minecraft:torch":4},"minecraft:mined":{"minecraft:dark_oak_planks":1,"minecraft:spruce_planks":1,"minecraft:white_bed":1,"minecraft:spruce_trapdoor":3,"minecraft:granite":1,"minecraft:acacia_log":20,"minecraft:grass_block":1,"minecraft:coal_block":1,"minecraft:chiseled_stone_bricks":4,"minecraft:spawner":1,"minecraft:hay_block":18,"minecraft:furnace":1,"minecraft:iron_ore":16,"minecraft:stripped_dark_oak_wood":1,"minecraft:nether_brick_stairs":1,"minecraft:flowering_azalea_leaves":2,"minecraft:stone":39,"minecraft:stripped_mangrove_wood":5,"fastpaintings:painting":1,"minecraft:mangrove_stairs":3,"minecraft:crafting_table":3,"minecraft:blast_furnace":1,"minecraft:calcite":23,"minecraft:dead_bush":1,"quark:blossom_log":6,"minecraft:cobblestone":3,"minecraft:sugar_cane":1,"minecraft:oak_planks":1,"minecraft:diorite":1,"minecraft:grass":12,"minecraft:coal_ore":23,"minecraft:gravel":1,"minecraft:dripstone_block":1,"minecraft:cobweb":1,"minecraft:stone_bricks":5},"minecraft:killed":{"alexsmobs:tarantula_hawk":1,"minecraft:spider":3,"minecraft:horse":2,"friendsandfoes:mauler":1,"minecraft:chicken":1,"minecraft:husk":36,"alexsmobs:emu":1,"minecraft:sheep":6,"minecraft:pillager":2,"minecraft:zombie":2,"alexsmobs:gazelle":2,"alexsmobs:fly":1,"minecraft:cow":4},"minecraft:broken":{"minecraft:iron_sword":1},"minecraft:custom":{"lootr:looted_stat":21,"minecraft:mob_kills":63,"minecraft:interact_with_crafting_table":37,"minecraft:leave_game":1,"minecraft:time_since_death":32779,"minecraft:climb_one_cm":489,"minecraft:sprint_one_cm":324312,"minecraft:walk_one_cm":344843,"minecraft:damage_blocked_by_shield":180,"minecraft:drop":16,"minecraft:talked_to_villager":5,"minecraft:play_time":106482,"minecraft:deaths":4,"minecraft:sneak_time":742,"minecraft:walk_under_water_one_cm":1580,"minecraft:jump":2014,"minecraft:interact_with_blast_furnace":1,"minecraft:walk_on_water_one_cm":9150,"minecraft:total_world_time":106482,"minecraft:interact_with_furnace":14,"minecraft:sleep_in_bed":1,"minecraft:time_since_rest":32805,"minecraft:waystone_activated":2,"minecraft:damage_taken":2808,"minecraft:damage_dealt":16206,"twilightforest:life_charms_activated":1,"minecraft:swim_one_cm":16513,"minecraft:fly_one_cm":403340,"minecraft:open_chest":9,"minecraft:crouch_one_cm":1424,"minecraft:fall_one_cm":46960},"minecraft:used":{"minecraft:stone_sword":9,"minecraft:spruce_planks":1,"minecraft:shield":3,"minecraft:iron_sword":366,"minecraft:iron_chestplate":1,"minecraft:torch":21,"minecraft:wooden_axe":15,"minecraft:dark_oak_planks":1,"minecraft:iron_helmet":1,"minecraft:iron_boots":1,"minecraft:furnace":2,"minecraft:acacia_planks":5,"minecraft:iron_leggings":1,"minecraft:stone_pickaxe":88,"minecraft:oak_planks":3,"minecraft:wooden_pickaxe":19,"minecraft:crafting_table":9,"quark:acacia_chest":1,"minecraft:white_bed":3,"minecraft:bread":40,"minecraft:iron_pickaxe":16,"minecraft:stone_axe":35,"minecraft:cobblestone":20},"minecraft:dropped":{"minecraft:bread":6,"minecraft:wheat_seeds":1,"minecraft:dirt":2,"minecraft:wooden_axe":2,"minecraft:stripped_dark_oak_wood":1,"twigs:twig":3,"minecraft:stone_axe":1,"alexsmobs:maggot":1,"alexsmobs:acacia_blossom":1,"minecraft:coarse_dirt":1,"alexsmobs:animal_dictionary":1,"sophisticatedbackpacks:backpack":1,"minecraft:chiseled_stone_bricks":4,"minecraft:acacia_sapling":3}},"DataVersion":3465}