{"stats":{"minecraft:picked_up":{"minecraft:wooden_axe":2,"minecraft:crafting_table":2,"minecraft:feather":6,"minecraft:chicken":1,"alexsmobs:acacia_blossom":1,"spawnersplus:spawner_fragment":1,"alexsmobs:gazelle_horn":2,"minecraft:dirt":3,"minecraft:stone_bricks":2,"minecraft:wheat_seeds":1,"minecraft:spruce_planks":1,"minecraft:coal_block":1,"twigs:twig":4,"delightful:green_tea_leaf":3,"minecraft:spruce_trapdoor":3,"minecraft:acacia_sapling":3,"minecraft:furnace":1,"minecraft:stick":1,"minecraft:raw_iron":15,"minecraft:chiseled_stone_bricks":4,"minecraft:acacia_log":21,"minecraft:dripstone_block":1,"quark:blossom_log":37,"minecraft:white_bed":1,"minecraft:dark_oak_planks":1,"minecraft:rotten_flesh":16,"quark:orange_blossom_sapling":4,"minecraft:hay_block":5,"minecraft:granite":1,"alexsmobs:emu_egg":1,"supplementaries:ash":3,"minecraft:mutton":2,"minecraft:coal":40,"minecraft:cobblestone":38,"minecraft:white_wool":1},"minecraft:crafted":{"minecraft:oak_planks":16,"quark:blossom_planks":8,"minecraft:crafting_table":3,"minecraft:wooden_pickaxe":1,"minecraft:iron_sword":1,"minecraft:furnace":1,"minecraft:stone_axe":2,"minecraft:bread":15,"minecraft:air":0,"quark:acacia_chest":1,"minecraft:iron_boots":1,"minecraft:iron_chestplate":1,"minecraft:shield":1,"minecraft:stick":12,"minecraft:iron_ingot":15,"minecraft:stone_pickaxe":1,"minecraft:wooden_axe":1,"minecraft:white_bed":2,"minecraft:acacia_planks":84,"minecraft:torch":4,"minecraft:wheat":45},"minecraft:mined":{"minecraft:dark_oak_planks":1,"minecraft:spruce_planks":1,"minecraft:white_bed":1,"minecraft:crafting_table":2,"minecraft:spruce_trapdoor":3,"minecraft:granite":1,"minecraft:acacia_log":20,"minecraft:grass_block":1,"minecraft:dead_bush":1,"quark:blossom_log":6,"minecraft:coal_block":1,"minecraft:cobblestone":1,"minecraft:sugar_cane":1,"minecraft:chiseled_stone_bricks":4,"minecraft:hay_block":5,"minecraft:furnace":1,"minecraft:iron_ore":16,"minecraft:grass":9,"minecraft:coal_ore":23,"minecraft:dripstone_block":1,"minecraft:stone_bricks":5,"minecraft:stone":39},"minecraft:killed":{"minecraft:husk":11,"minecraft:spider":1,"alexsmobs:emu":1,"minecraft:sheep":1,"minecraft:zombie":2,"friendsandfoes:mauler":1,"minecraft:chicken":1,"alexsmobs:gazelle":2,"alexsmobs:fly":1},"minecraft:custom":{"lootr:looted_stat":2,"minecraft:interact_with_furnace":13,"minecraft:mob_kills":22,"minecraft:interact_with_crafting_table":21,"minecraft:leave_game":1,"minecraft:time_since_death":2049,"minecraft:sleep_in_bed":1,"minecraft:climb_one_cm":36,"minecraft:time_since_rest":2076,"minecraft:sprint_one_cm":150360,"minecraft:damage_taken":840,"minecraft:walk_one_cm":162223,"minecraft:damage_blocked_by_shield":100,"minecraft:drop":9,"minecraft:damage_dealt":5769,"twilightforest:life_charms_activated":1,"minecraft:swim_one_cm":13071,"minecraft:fly_one_cm":221059,"minecraft:open_chest":3,"minecraft:crouch_one_cm":1405,"minecraft:play_time":58482,"minecraft:deaths":1,"minecraft:sneak_time":710,"minecraft:walk_under_water_one_cm":1490,"minecraft:jump":1130,"minecraft:interact_with_blast_furnace":1,"minecraft:walk_on_water_one_cm":7180,"minecraft:total_world_time":58482,"minecraft:fall_one_cm":29180},"minecraft:used":{"minecraft:stone_pickaxe":73,"minecraft:oak_planks":3,"minecraft:spruce_planks":1,"minecraft:shield":1,"minecraft:wooden_pickaxe":19,"minecraft:iron_sword":139,"minecraft:iron_chestplate":1,"minecraft:torch":14,"minecraft:crafting_table":5,"quark:acacia_chest":1,"minecraft:white_bed":3,"minecraft:wooden_axe":15,"minecraft:bread":15,"minecraft:iron_boots":1,"minecraft:stone_axe":24,"minecraft:cobblestone":17,"minecraft:furnace":2,"minecraft:acacia_planks":5},"minecraft:dropped":{"minecraft:bread":6,"minecraft:stone_axe":1,"minecraft:wheat_seeds":1,"minecraft:chiseled_stone_bricks":4,"minecraft:dirt":2,"minecraft:wooden_axe":2,"minecraft:acacia_sapling":3}},"DataVersion":3465}