{"stats":{"minecraft:picked_up":{"minecraft:wooden_axe":2,"minecraft:stick":1,"minecraft:crafting_table":1,"minecraft:feather":2,"minecraft:chicken":1,"alexsmobs:acacia_blossom":1,"minecraft:acacia_log":21,"quark:blossom_log":37,"minecraft:dirt":1,"minecraft:rotten_flesh":5,"quark:orange_blossom_sapling":4,"minecraft:wheat_seeds":1,"minecraft:hay_block":2,"supplementaries:ash":3,"twigs:twig":4,"delightful:green_tea_leaf":3,"minecraft:mutton":2,"minecraft:coal":1,"minecraft:acacia_sapling":3,"minecraft:white_wool":1,"minecraft:cobblestone":19},"minecraft:crafted":{"minecraft:oak_planks":16,"minecraft:crafting_table":2,"minecraft:stick":12,"minecraft:wooden_pickaxe":1,"minecraft:stone_pickaxe":1,"minecraft:wooden_axe":1,"minecraft:acacia_planks":12,"minecraft:torch":4,"minecraft:stone_axe":2},"minecraft:mined":{"minecraft:hay_block":2,"minecraft:crafting_table":1,"minecraft:coal_ore":1,"minecraft:grass":8,"minecraft:acacia_log":20,"minecraft:grass_block":1,"minecraft:dead_bush":1,"quark:blossom_log":6,"minecraft:stone":19},"minecraft:killed":{"minecraft:sheep":1,"minecraft:zombie":2,"minecraft:chicken":1,"minecraft:spider":1},"minecraft:custom":{"minecraft:time_since_rest":22482,"minecraft:sprint_one_cm":50109,"minecraft:damage_taken":130,"minecraft:walk_one_cm":57406,"minecraft:mob_kills":6,"minecraft:drop":3,"minecraft:damage_dealt":402,"minecraft:interact_with_crafting_table":5,"minecraft:swim_one_cm":872,"minecraft:fly_one_cm":89091,"minecraft:crouch_one_cm":417,"minecraft:play_time":22482,"minecraft:sneak_time":112,"minecraft:walk_under_water_one_cm":241,"minecraft:jump":470,"minecraft:leave_game":1,"minecraft:time_since_death":22482,"minecraft:walk_on_water_one_cm":2866,"minecraft:total_world_time":22482,"minecraft:fall_one_cm":14179},"minecraft:used":{"minecraft:wooden_axe":15,"minecraft:bread":3,"minecraft:stone_pickaxe":1,"minecraft:oak_planks":3,"minecraft:wooden_pickaxe":19,"minecraft:stone_axe":16,"minecraft:torch":7,"minecraft:crafting_table":3},"minecraft:dropped":{"minecraft:stone_axe":1,"minecraft:wooden_axe":2}},"DataVersion":3465}