{"stats":{"minecraft:picked_up":{"minecraft:wooden_axe":2,"minecraft:crafting_table":2,"minecraft:feather":2,"minecraft:chicken":1,"alexsmobs:acacia_blossom":1,"alexsmobs:gazelle_horn":2,"minecraft:dirt":1,"minecraft:wheat_seeds":1,"twigs:twig":4,"delightful:green_tea_leaf":3,"minecraft:acacia_sapling":3,"minecraft:furnace":1,"minecraft:stick":1,"minecraft:raw_iron":15,"minecraft:acacia_log":21,"minecraft:dripstone_block":1,"quark:blossom_log":37,"minecraft:rotten_flesh":5,"quark:orange_blossom_sapling":4,"minecraft:hay_block":3,"minecraft:granite":1,"supplementaries:ash":3,"minecraft:mutton":2,"minecraft:coal":37,"minecraft:cobblestone":34,"minecraft:white_wool":1},"minecraft:crafted":{"minecraft:oak_planks":16,"quark:blossom_planks":8,"minecraft:crafting_table":3,"minecraft:wooden_pickaxe":1,"minecraft:iron_sword":1,"minecraft:furnace":1,"minecraft:stone_axe":2,"minecraft:bread":6,"minecraft:air":0,"minecraft:iron_boots":1,"minecraft:iron_chestplate":1,"minecraft:shield":1,"minecraft:stick":12,"minecraft:iron_ingot":15,"minecraft:stone_pickaxe":1,"minecraft:wooden_axe":1,"minecraft:acacia_planks":12,"minecraft:torch":4,"minecraft:wheat":18},"minecraft:mined":{"minecraft:crafting_table":2,"minecraft:granite":1,"minecraft:acacia_log":20,"minecraft:grass_block":1,"minecraft:dead_bush":1,"quark:blossom_log":6,"minecraft:hay_block":3,"minecraft:furnace":1,"minecraft:iron_ore":16,"minecraft:grass":8,"minecraft:coal_ore":20,"minecraft:dripstone_block":1,"minecraft:stone":35},"minecraft:killed":{"minecraft:spider":1,"minecraft:sheep":1,"minecraft:zombie":2,"minecraft:chicken":1,"alexsmobs:gazelle":2},"minecraft:custom":{"minecraft:interact_with_furnace":11,"minecraft:mob_kills":8,"minecraft:interact_with_crafting_table":16,"minecraft:leave_game":1,"minecraft:time_since_death":34482,"minecraft:climb_one_cm":36,"minecraft:time_since_rest":34482,"minecraft:sprint_one_cm":76401,"minecraft:damage_taken":190,"minecraft:walk_one_cm":76396,"minecraft:drop":3,"minecraft:damage_dealt":562,"minecraft:swim_one_cm":3884,"minecraft:fly_one_cm":131249,"minecraft:crouch_one_cm":453,"minecraft:play_time":34482,"minecraft:sneak_time":133,"minecraft:walk_under_water_one_cm":692,"minecraft:jump":739,"minecraft:walk_on_water_one_cm":5003,"minecraft:total_world_time":34482,"minecraft:fall_one_cm":19440},"minecraft:used":{"minecraft:stone_pickaxe":55,"minecraft:oak_planks":3,"minecraft:wooden_pickaxe":19,"minecraft:iron_sword":3,"minecraft:iron_chestplate":1,"minecraft:torch":7,"minecraft:crafting_table":4,"minecraft:wooden_axe":15,"minecraft:bread":6,"minecraft:iron_boots":1,"minecraft:stone_axe":17,"minecraft:cobblestone":10,"minecraft:furnace":1},"minecraft:dropped":{"minecraft:stone_axe":1,"minecraft:wooden_axe":2}},"DataVersion":3465}