{"stats":{"minecraft:killed_by":{"minecraft:zombie":1},"minecraft:picked_up":{"minecraft:coarse_dirt":4,"spawnersplus:spawner_fragment":3,"minecraft:acacia_boat":1,"minecraft:dirt":14,"minecraft:dark_oak_trapdoor":1,"minecraft:item_frame":1,"minecraft:gray_carpet":2,"minecraft:wheat_seeds":2,"twigs:pebble":1,"minecraft:poppy":1,"twigs:twig":1,"biomesoplenty:wildflower":1,"delightful:green_tea_leaf":1,"minecraft:acacia_sapling":6,"minecraft:stripped_mangrove_wood":4,"minecraft:dandelion":1,"minecraft:acacia_log":7,"minecraft:gravel":1,"minecraft:sand":2,"minecraft:dark_oak_planks":7,"minecraft:arrow":20,"minecraft:light_gray_bed":1,"minecraft:rotten_flesh":2,"minecraft:golden_apple":1,"alexsmobs:maggot":4},"minecraft:crafted":{"minecraft:oak_planks":12,"minecraft:crafting_table":1,"minecraft:acacia_boat":1,"minecraft:acacia_planks":28},"minecraft:mined":{"minecraft:dark_oak_planks":5,"minecraft:acacia_leaves":11,"twigs:pebble":1,"biomesoplenty:wildflower":1,"biomesoplenty:desert_grass":1,"minecraft:dandelion":1,"minecraft:acacia_log":7,"minecraft:grass_block":14,"minecraft:poppy":1,"minecraft:light_gray_bed":1,"minecraft:tall_grass":1,"minecraft:spawner":2,"minecraft:hay_block":1,"minecraft:coarse_dirt":3,"minecraft:dark_oak_trapdoor":1,"minecraft:grass":2,"minecraft:gravel":1,"minecraft:sand":4,"minecraft:stripped_mangrove_wood":4,"biomesoplenty:reed":1},"minecraft:killed":{"minecraft:husk":1,"alexsmobs:fly":2},"minecraft:custom":{"minecraft:interact_with_furnace":1,"lootr:looted_stat":24,"minecraft:mob_kills":3,"minecraft:interact_with_crafting_table":1,"minecraft:open_barrel":1,"minecraft:time_since_death":48235,"minecraft:climb_one_cm":2850,"minecraft:time_since_rest":48680,"minecraft:waystone_activated":3,"minecraft:sprint_one_cm":133857,"minecraft:damage_taken":944,"minecraft:walk_one_cm":157584,"minecraft:drop":33,"minecraft:damage_dealt":662,"twilightforest:life_charms_activated":1,"minecraft:swim_one_cm":39343,"minecraft:fly_one_cm":266518,"minecraft:open_chest":7,"minecraft:crouch_one_cm":15643,"minecraft:play_time":49118,"minecraft:sneak_time":4937,"minecraft:deaths":1,"minecraft:walk_under_water_one_cm":5872,"minecraft:boat_one_cm":55010,"minecraft:jump":1214,"minecraft:interact_with_blast_furnace":1,"minecraft:walk_on_water_one_cm":9571,"minecraft:total_world_time":49118,"minecraft:fall_one_cm":38058},"minecraft:used":{"minecraft:acacia_boat":1,"minecraft:stone_pickaxe":5,"minecraft:oak_planks":3,"minecraft:stripped_mangrove_wood":4,"minecraft:dark_oak_trapdoor":1,"minecraft:dirt":13,"minecraft:crafting_table":1,"minecraft:crossbow":2,"minecraft:dark_oak_planks":5,"minecraft:bread":12,"minecraft:gravel":1,"minecraft:potion":1,"minecraft:coarse_dirt":2},"minecraft:dropped":{"minecraft:water_bucket":1,"alexsmobs:maggot":4,"minecraft:wheat_seeds":2,"minecraft:coarse_dirt":2,"minecraft:glass_bottle":1,"minecraft:rotten_flesh":2,"delightful:green_tea_leaf":1,"minecraft:item_frame":1,"twigs:pebble":1,"minecraft:poppy":1,"minecraft:dirt":1,"biomesoplenty:wildflower":1,"minecraft:acacia_sapling":6,"minecraft:sand":2,"minecraft:dark_oak_planks":2,"minecraft:acacia_planks":1,"twigs:twig":1,"spawnersplus:spawner_fragment":2,"minecraft:dandelion":1}},"DataVersion":3465}