{"stats":{"minecraft:killed_by":{"minecraft:zombie":1},"minecraft:picked_up":{"minecraft:stripped_mangrove_wood":4,"minecraft:coarse_dirt":4,"minecraft:acacia_log":7,"minecraft:dandelion":1,"minecraft:sand":2,"spawnersplus:spawner_fragment":3,"minecraft:dirt":14,"minecraft:dark_oak_trapdoor":1,"minecraft:dark_oak_planks":7,"minecraft:light_gray_bed":1,"minecraft:rotten_flesh":2,"minecraft:gray_carpet":2,"twigs:pebble":1,"minecraft:golden_apple":1,"minecraft:poppy":1,"alexsmobs:maggot":4,"biomesoplenty:wildflower":1,"delightful:green_tea_leaf":1,"minecraft:acacia_sapling":5},"minecraft:crafted":{"minecraft:acacia_planks":28},"minecraft:mined":{"minecraft:dark_oak_planks":5,"minecraft:hay_block":1,"minecraft:coarse_dirt":3,"minecraft:acacia_leaves":11,"twigs:pebble":1,"minecraft:dark_oak_trapdoor":1,"biomesoplenty:wildflower":1,"biomesoplenty:desert_grass":1,"minecraft:dandelion":1,"minecraft:grass":2,"minecraft:acacia_log":7,"minecraft:grass_block":14,"minecraft:poppy":1,"minecraft:sand":4,"minecraft:light_gray_bed":1,"minecraft:tall_grass":1,"minecraft:stripped_mangrove_wood":4,"minecraft:spawner":2},"minecraft:killed":{"minecraft:husk":1,"alexsmobs:fly":2},"minecraft:custom":{"minecraft:time_since_rest":24680,"lootr:looted_stat":11,"minecraft:sprint_one_cm":36779,"minecraft:damage_taken":554,"minecraft:walk_one_cm":91884,"minecraft:mob_kills":3,"minecraft:drop":27,"minecraft:damage_dealt":662,"minecraft:swim_one_cm":6867,"minecraft:fly_one_cm":77796,"minecraft:open_chest":4,"minecraft:crouch_one_cm":15089,"minecraft:play_time":25118,"minecraft:deaths":1,"minecraft:sneak_time":4782,"minecraft:walk_under_water_one_cm":546,"minecraft:jump":417,"minecraft:interact_with_blast_furnace":1,"minecraft:walk_on_water_one_cm":584,"minecraft:time_since_death":24235,"minecraft:climb_one_cm":1641,"minecraft:total_world_time":25118,"minecraft:fall_one_cm":10580},"minecraft:used":{"minecraft:dark_oak_planks":5,"minecraft:stone_pickaxe":5,"minecraft:bread":3,"minecraft:dark_oak_trapdoor":1,"minecraft:stripped_mangrove_wood":4,"minecraft:dirt":13,"minecraft:potion":1,"minecraft:coarse_dirt":2},"minecraft:dropped":{"twigs:pebble":1,"minecraft:poppy":1,"minecraft:dirt":1,"alexsmobs:maggot":4,"minecraft:coarse_dirt":2,"minecraft:glass_bottle":1,"biomesoplenty:wildflower":1,"minecraft:acacia_sapling":5,"minecraft:sand":2,"minecraft:rotten_flesh":2,"delightful:green_tea_leaf":1,"minecraft:dark_oak_planks":2,"minecraft:acacia_planks":1,"spawnersplus:spawner_fragment":2,"minecraft:dandelion":1}},"DataVersion":3465}