{"stats":{"minecraft:killed_by":{"minecraft:zombie":1},"minecraft:picked_up":{"minecraft:stripped_mangrove_wood":4,"minecraft:coarse_dirt":3,"minecraft:acacia_log":7,"minecraft:dandelion":1,"spawnersplus:spawner_fragment":1,"minecraft:dirt":14,"minecraft:dark_oak_planks":5,"minecraft:rotten_flesh":1,"minecraft:gray_carpet":2,"twigs:pebble":1,"minecraft:golden_apple":1,"minecraft:poppy":1,"alexsmobs:maggot":3,"biomesoplenty:wildflower":1,"delightful:green_tea_leaf":1,"minecraft:acacia_sapling":4},"minecraft:crafted":{"minecraft:acacia_planks":28},"minecraft:mined":{"minecraft:dark_oak_planks":5,"minecraft:coarse_dirt":3,"minecraft:acacia_leaves":11,"twigs:pebble":1,"biomesoplenty:wildflower":1,"biomesoplenty:desert_grass":1,"minecraft:dandelion":1,"minecraft:acacia_log":7,"minecraft:grass_block":14,"minecraft:poppy":1,"minecraft:stripped_mangrove_wood":4,"minecraft:spawner":1},"minecraft:killed":{"alexsmobs:fly":1},"minecraft:custom":{"minecraft:time_since_rest":12680,"lootr:looted_stat":9,"minecraft:sprint_one_cm":10348,"minecraft:damage_taken":494,"minecraft:walk_one_cm":46591,"minecraft:mob_kills":1,"minecraft:drop":18,"minecraft:damage_dealt":431,"minecraft:fly_one_cm":15955,"minecraft:open_chest":4,"minecraft:crouch_one_cm":10015,"minecraft:play_time":13118,"minecraft:deaths":1,"minecraft:sneak_time":2866,"minecraft:jump":145,"minecraft:interact_with_blast_furnace":1,"minecraft:time_since_death":12235,"minecraft:climb_one_cm":1143,"minecraft:total_world_time":13118,"minecraft:fall_one_cm":2584},"minecraft:used":{"minecraft:dark_oak_planks":4,"minecraft:stone_pickaxe":1,"minecraft:bread":1,"minecraft:stripped_mangrove_wood":4,"minecraft:dirt":13,"minecraft:coarse_dirt":2},"minecraft:dropped":{"twigs:pebble":1,"minecraft:poppy":1,"minecraft:dirt":1,"alexsmobs:maggot":3,"minecraft:coarse_dirt":1,"biomesoplenty:wildflower":1,"minecraft:acacia_sapling":4,"minecraft:rotten_flesh":1,"delightful:green_tea_leaf":1,"minecraft:dark_oak_planks":1,"minecraft:acacia_planks":1,"spawnersplus:spawner_fragment":1,"minecraft:dandelion":1}},"DataVersion":3465}