{"stats":{"minecraft:picked_up":{"minecraft:coarse_dirt":4,"spawnersplus:spawner_fragment":3,"minecraft:acacia_boat":2,"minecraft:dirt":19,"minecraft:dark_oak_trapdoor":1,"minecraft:item_frame":1,"minecraft:gray_carpet":2,"minecraft:wheat_seeds":2,"twigs:pebble":1,"minecraft:poppy":1,"twigs:twig":1,"biomesoplenty:wildflower":1,"delightful:green_tea_leaf":1,"minecraft:acacia_sapling":6,"minecraft:stripped_mangrove_wood":4,"minecraft:dandelion":1,"minecraft:acacia_log":7,"minecraft:gravel":1,"minecraft:sand":2,"minecraft:dark_oak_planks":7,"minecraft:arrow":20,"minecraft:light_gray_bed":1,"minecraft:rotten_flesh":2,"minecraft:golden_apple":1,"boatload:acacia_furnace_boat":1,"alexsmobs:maggot":4},"minecraft:killed_by":{"cataclysm:deepling":1,"minecraft:zombie":1},"minecraft:crafted":{"minecraft:oak_planks":12,"minecraft:crafting_table":1,"minecraft:acacia_boat":1,"minecraft:acacia_planks":28},"minecraft:mined":{"minecraft:dark_oak_planks":5,"minecraft:acacia_leaves":11,"twigs:pebble":1,"biomesoplenty:wildflower":1,"biomesoplenty:desert_grass":1,"minecraft:dandelion":1,"minecraft:acacia_log":7,"minecraft:grass_block":16,"minecraft:poppy":1,"minecraft:light_gray_bed":1,"minecraft:tall_grass":1,"minecraft:spawner":2,"minecraft:hay_block":1,"minecraft:coarse_dirt":3,"minecraft:dark_oak_trapdoor":1,"minecraft:grass":3,"minecraft:dirt":3,"minecraft:gravel":1,"minecraft:sand":4,"minecraft:stripped_mangrove_wood":4,"biomesoplenty:reed":1},"minecraft:killed":{"minecraft:husk":1,"alexsmobs:fly":2},"minecraft:custom":{"minecraft:interact_with_furnace":1,"lootr:looted_stat":24,"minecraft:mob_kills":3,"minecraft:interact_with_crafting_table":1,"minecraft:open_barrel":1,"minecraft:time_since_death":2996,"minecraft:climb_one_cm":2850,"minecraft:time_since_rest":3062,"minecraft:waystone_activated":4,"minecraft:sprint_one_cm":162165,"minecraft:damage_taken":1389,"minecraft:walk_one_cm":170029,"minecraft:drop":33,"minecraft:damage_dealt":672,"twilightforest:life_charms_activated":1,"minecraft:swim_one_cm":60300,"minecraft:fly_one_cm":312121,"minecraft:open_chest":7,"minecraft:crouch_one_cm":15643,"minecraft:play_time":61118,"minecraft:sneak_time":5020,"minecraft:deaths":2,"minecraft:walk_under_water_one_cm":15177,"minecraft:boat_one_cm":151214,"minecraft:jump":1441,"minecraft:interact_with_blast_furnace":1,"minecraft:walk_on_water_one_cm":12861,"minecraft:total_world_time":61118,"minecraft:fall_one_cm":46626},"minecraft:used":{"minecraft:acacia_boat":3,"minecraft:stone_pickaxe":5,"minecraft:oak_planks":5,"minecraft:stripped_mangrove_wood":4,"minecraft:dark_oak_trapdoor":1,"minecraft:dirt":18,"minecraft:crafting_table":1,"minecraft:crossbow":2,"minecraft:dark_oak_planks":5,"boatload:acacia_furnace_boat":2,"minecraft:bread":17,"minecraft:gravel":1,"minecraft:potion":1,"minecraft:coarse_dirt":2},"minecraft:dropped":{"minecraft:water_bucket":1,"alexsmobs:maggot":4,"minecraft:wheat_seeds":2,"minecraft:coarse_dirt":2,"minecraft:glass_bottle":1,"minecraft:rotten_flesh":2,"delightful:green_tea_leaf":1,"minecraft:item_frame":1,"twigs:pebble":1,"minecraft:poppy":1,"minecraft:dirt":1,"biomesoplenty:wildflower":1,"minecraft:acacia_sapling":6,"minecraft:sand":2,"minecraft:dark_oak_planks":2,"minecraft:acacia_planks":1,"twigs:twig":1,"spawnersplus:spawner_fragment":2,"minecraft:dandelion":1}},"DataVersion":3465}