{"stats":{"minecraft:picked_up":{"minecraft:crafting_table":5,"minecraft:ladder":1,"alexsmobs:acacia_blossom":1,"quark:hollow_acacia_log":2,"minecraft:gunpowder":1,"alexsmobs:gazelle_horn":6,"minecraft:dirt":1673,"minecraft:acacia_planks":15,"minecraft:wheat_seeds":27,"twigs:pebble":1,"minecraft:stone_pickaxe":1,"twigs:twig":5,"minecraft:melon_slice":79,"minecraft:acacia_sapling":3,"minecraft:furnace":2,"minecraft:stick":1,"minecraft:raw_iron":7,"minecraft:torch":9,"minecraft:acacia_log":25,"minecraft:porkchop":4,"minecraft:sand":2,"minecraft:mossy_cobblestone":1,"biomesoplenty:mahogany_log":19,"minecraft:arrow":1,"minecraft:rotten_flesh":2,"minecraft:stone_shovel":1,"biomesoplenty:mahogany_sapling":3,"minecraft:mutton":3,"minecraft:coal":46,"biomesoplenty:orange_sand":89,"minecraft:cobblestone":831},"minecraft:killed_by":{"minecraft:husk":1,"minecraft:creeper":1},"minecraft:used":{"minecraft:wheat_seeds":15,"minecraft:cooked_mutton":3,"minecraft:water_bucket":12,"minecraft:stone_sword":34,"minecraft:stone_shovel":1869,"minecraft:stone_pickaxe":1257,"minecraft:wooden_pickaxe":12,"everycomp:q/biomesoplenty/mahogany_chest":8,"minecraft:stone_hoe":24,"minecraft:rotten_flesh":1,"minecraft:stick":1,"minecraft:torch":40,"minecraft:mossy_cobblestone":1,"minecraft:dirt":238,"minecraft:sand":2,"minecraft:crafting_table":6,"minecraft:wooden_axe":59,"minecraft:melon_slice":49,"minecraft:cobblestone":58,"minecraft:furnace":3,"minecraft:cooked_porkchop":4,"minecraft:bucket":12,"minecraft:potato":3},"minecraft:killed":{"minecraft:husk":1,"minecraft:pig":2,"minecraft:skeleton":1,"minecraft:zombie":4,"alexsmobs:gazelle":5},"minecraft:dropped":{"alexsmobs:gazelle_horn":3,"alexsmobs:acacia_blossom":1,"minecraft:stone_shovel":1,"minecraft:cobblestone":101,"minecraft:rotten_flesh":1,"minecraft:acacia_log":8,"quark:hollow_acacia_log":1,"twigs:pebble":1,"minecraft:dirt":188,"biomesoplenty:orange_sand":1,"minecraft:gunpowder":1,"minecraft:stone_pickaxe":1,"twigs:twig":5},"minecraft:custom":{"lootr:looted_stat":2,"minecraft:interact_with_furnace":10,"minecraft:mob_kills":14,"minecraft:interact_with_crafting_table":24,"minecraft:time_since_death":52768,"minecraft:climb_one_cm":1533,"minecraft:time_since_rest":52812,"minecraft:sprint_one_cm":283834,"minecraft:damage_taken":1760,"minecraft:walk_one_cm":502873,"minecraft:drop":23,"minecraft:damage_dealt":1736,"minecraft:swim_one_cm":50295,"minecraft:fly_one_cm":250340,"minecraft:open_chest":33,"minecraft:crouch_one_cm":1899,"minecraft:play_time":163378,"minecraft:deaths":3,"minecraft:sneak_time":552,"minecraft:walk_under_water_one_cm":9332,"minecraft:jump":1895,"minecraft:walk_on_water_one_cm":19112,"minecraft:total_world_time":163378,"minecraft:fall_one_cm":26549},"minecraft:crafted":{"minecraft:stone_shovel":23,"everycomp:q/biomesoplenty/mahogany_chest":8,"minecraft:cooked_porkchop":4,"minecraft:crafting_table":1,"biomesoplenty:mahogany_planks":64,"minecraft:wooden_pickaxe":1,"minecraft:furnace":1,"minecraft:bucket":2,"minecraft:cooked_mutton":3,"minecraft:stick":88,"minecraft:iron_ingot":4,"minecraft:stone_pickaxe":11,"minecraft:wooden_axe":1,"minecraft:stone_sword":1,"minecraft:acacia_planks":34,"minecraft:torch":40,"minecraft:stone_hoe":1},"minecraft:mined":{"quark:hollow_acacia_log":1,"twigs:pebble":1,"biomesoplenty:orange_sand":93,"minecraft:jungle_leaves":2,"biomesoplenty:desert_grass":1,"minecraft:crafting_table":5,"minecraft:torch":2,"minecraft:ladder":1,"minecraft:granite":9,"minecraft:acacia_log":25,"minecraft:grass_block":313,"minecraft:melon":16,"minecraft:cobblestone":15,"minecraft:tall_grass":1,"minecraft:wall_torch":6,"minecraft:large_fern":1,"minecraft:seagrass":1,"minecraft:furnace":2,"biomesoplenty:mahogany_log":23,"minecraft:iron_ore":7,"minecraft:wheat":5,"minecraft:grass":31,"supplementaries:stick":1,"minecraft:coal_ore":46,"minecraft:vine":4,"minecraft:sand":2,"minecraft:dirt":1468,"minecraft:stone":1176,"minecraft:oak_leaves":12,"minecraft:fern":24},"minecraft:broken":{"minecraft:stone_pickaxe":7,"minecraft:wooden_axe":1,"minecraft:stone_shovel":14}},"DataVersion":3465}