{"stats":{"minecraft:killed_by":{"minecraft:husk":1},"minecraft:picked_up":{"minecraft:crafting_table":5,"minecraft:ladder":1,"alexsmobs:acacia_blossom":1,"quark:hollow_acacia_log":1,"alexsmobs:gazelle_horn":3,"minecraft:dirt":245,"minecraft:acacia_planks":15,"minecraft:wheat_seeds":5,"twigs:pebble":1,"twigs:twig":5,"minecraft:melon_slice":44,"minecraft:acacia_sapling":3,"minecraft:furnace":1,"minecraft:raw_iron":3,"minecraft:torch":4,"minecraft:acacia_log":25,"minecraft:porkchop":4,"minecraft:sand":2,"minecraft:mossy_cobblestone":1,"biomesoplenty:mahogany_log":19,"minecraft:rotten_flesh":2,"biomesoplenty:mahogany_sapling":3,"minecraft:mutton":3,"minecraft:coal":29,"biomesoplenty:orange_sand":24,"minecraft:cobblestone":185},"minecraft:crafted":{"minecraft:stone_shovel":3,"minecraft:cooked_porkchop":4,"minecraft:crafting_table":1,"biomesoplenty:mahogany_planks":64,"minecraft:wooden_pickaxe":1,"minecraft:furnace":1,"minecraft:stick":16,"minecraft:stone_pickaxe":2,"minecraft:wooden_axe":1,"minecraft:stone_sword":1,"minecraft:acacia_planks":30},"minecraft:mined":{"quark:hollow_acacia_log":1,"twigs:pebble":1,"biomesoplenty:orange_sand":24,"minecraft:crafting_table":5,"minecraft:torch":2,"minecraft:ladder":1,"minecraft:acacia_log":25,"minecraft:grass_block":70,"minecraft:melon":9,"minecraft:tall_grass":1,"minecraft:wall_torch":1,"minecraft:large_fern":1,"minecraft:furnace":1,"biomesoplenty:mahogany_log":23,"minecraft:iron_ore":3,"minecraft:grass":7,"minecraft:coal_ore":29,"minecraft:sand":2,"minecraft:dirt":175,"minecraft:stone":184,"minecraft:fern":6},"minecraft:killed":{"minecraft:husk":1,"minecraft:pig":2,"alexsmobs:gazelle":5},"minecraft:broken":{"minecraft:stone_pickaxe":1,"minecraft:wooden_axe":1,"minecraft:stone_shovel":2},"minecraft:custom":{"minecraft:interact_with_furnace":3,"lootr:looted_stat":2,"minecraft:mob_kills":8,"minecraft:interact_with_crafting_table":12,"minecraft:time_since_death":35273,"minecraft:climb_one_cm":159,"minecraft:time_since_rest":35320,"minecraft:sprint_one_cm":78694,"minecraft:damage_taken":430,"minecraft:walk_one_cm":97663,"minecraft:drop":1,"minecraft:damage_dealt":707,"minecraft:swim_one_cm":11424,"minecraft:fly_one_cm":96760,"minecraft:crouch_one_cm":1300,"minecraft:play_time":40283,"minecraft:deaths":1,"minecraft:sneak_time":355,"minecraft:walk_under_water_one_cm":2552,"minecraft:jump":558,"minecraft:walk_on_water_one_cm":2314,"minecraft:total_world_time":40283,"minecraft:fall_one_cm":8308},"minecraft:used":{"minecraft:stone_sword":9,"minecraft:stone_shovel":270,"minecraft:stone_pickaxe":220,"minecraft:wooden_pickaxe":6,"minecraft:rotten_flesh":1,"minecraft:torch":3,"minecraft:mossy_cobblestone":1,"minecraft:dirt":2,"minecraft:sand":2,"minecraft:crafting_table":6,"minecraft:wooden_axe":59,"minecraft:melon_slice":3,"minecraft:cobblestone":18,"minecraft:furnace":1,"minecraft:cooked_porkchop":2},"minecraft:dropped":{"minecraft:rotten_flesh":1}},"DataVersion":3465}