{"stats":{"minecraft:killed_by":{"minecraft:husk":1},"minecraft:picked_up":{"minecraft:crafting_table":2,"minecraft:ladder":1,"minecraft:torch":2,"alexsmobs:acacia_blossom":1,"minecraft:acacia_log":25,"quark:hollow_acacia_log":1,"minecraft:porkchop":4,"minecraft:sand":2,"alexsmobs:gazelle_horn":3,"minecraft:dirt":2,"minecraft:mossy_cobblestone":1,"minecraft:rotten_flesh":2,"minecraft:wheat_seeds":1,"twigs:twig":3,"minecraft:mutton":3,"minecraft:acacia_sapling":3,"minecraft:cobblestone":7},"minecraft:crafted":{"minecraft:crafting_table":1,"minecraft:stick":4,"minecraft:wooden_pickaxe":1,"minecraft:wooden_axe":1,"minecraft:acacia_planks":30},"minecraft:mined":{"quark:hollow_acacia_log":1,"minecraft:torch":1,"minecraft:crafting_table":2,"minecraft:ladder":1,"minecraft:grass":5,"minecraft:acacia_log":25,"minecraft:sand":2,"minecraft:tall_grass":1,"minecraft:stone":6},"minecraft:killed":{"minecraft:husk":1,"minecraft:pig":2,"alexsmobs:gazelle":5},"minecraft:custom":{"minecraft:time_since_rest":11320,"minecraft:sprint_one_cm":35631,"minecraft:damage_taken":410,"minecraft:walk_one_cm":40422,"minecraft:mob_kills":8,"minecraft:drop":1,"minecraft:damage_dealt":698,"minecraft:swim_one_cm":9692,"minecraft:interact_with_crafting_table":3,"minecraft:fly_one_cm":59789,"minecraft:play_time":16283,"minecraft:deaths":1,"minecraft:walk_under_water_one_cm":276,"minecraft:sneak_time":28,"minecraft:jump":254,"minecraft:walk_on_water_one_cm":1259,"minecraft:time_since_death":11273,"minecraft:total_world_time":16283,"minecraft:fall_one_cm":5612},"minecraft:used":{"minecraft:wooden_axe":32,"minecraft:wooden_pickaxe":6,"minecraft:rotten_flesh":1,"minecraft:torch":2,"minecraft:mossy_cobblestone":1,"minecraft:dirt":2,"minecraft:sand":2,"minecraft:cobblestone":1,"minecraft:crafting_table":3},"minecraft:dropped":{"minecraft:rotten_flesh":1}},"DataVersion":3465}