{"stats":{"minecraft:picked_up":{"minecraft:crafting_table":5,"minecraft:ladder":1,"alexsmobs:acacia_blossom":1,"quark:hollow_acacia_log":2,"minecraft:gunpowder":1,"alexsmobs:gazelle_horn":6,"minecraft:dirt":801,"minecraft:acacia_planks":15,"minecraft:wheat_seeds":16,"twigs:pebble":1,"minecraft:stone_pickaxe":1,"twigs:twig":5,"minecraft:melon_slice":79,"minecraft:acacia_sapling":3,"minecraft:furnace":2,"minecraft:stick":1,"minecraft:raw_iron":7,"minecraft:torch":9,"minecraft:acacia_log":25,"minecraft:porkchop":4,"minecraft:sand":2,"minecraft:mossy_cobblestone":1,"biomesoplenty:mahogany_log":19,"minecraft:rotten_flesh":2,"minecraft:stone_shovel":1,"biomesoplenty:mahogany_sapling":3,"minecraft:mutton":3,"minecraft:coal":46,"biomesoplenty:orange_sand":70,"minecraft:cobblestone":816},"minecraft:killed_by":{"minecraft:husk":1,"minecraft:creeper":1},"minecraft:used":{"minecraft:wheat_seeds":15,"minecraft:cooked_mutton":3,"minecraft:water_bucket":12,"minecraft:stone_sword":31,"minecraft:stone_shovel":934,"minecraft:stone_pickaxe":1242,"minecraft:wooden_pickaxe":12,"everycomp:q/biomesoplenty/mahogany_chest":8,"minecraft:stone_hoe":24,"minecraft:rotten_flesh":1,"minecraft:stick":1,"minecraft:torch":40,"minecraft:mossy_cobblestone":1,"minecraft:dirt":236,"minecraft:sand":2,"minecraft:crafting_table":6,"minecraft:wooden_axe":59,"minecraft:melon_slice":41,"minecraft:cobblestone":58,"minecraft:furnace":3,"minecraft:cooked_porkchop":4,"minecraft:bucket":12,"minecraft:potato":3},"minecraft:killed":{"minecraft:husk":1,"minecraft:pig":2,"minecraft:zombie":4,"alexsmobs:gazelle":5},"minecraft:dropped":{"alexsmobs:gazelle_horn":3,"alexsmobs:acacia_blossom":1,"minecraft:stone_shovel":1,"minecraft:cobblestone":101,"minecraft:rotten_flesh":1,"minecraft:acacia_log":8,"quark:hollow_acacia_log":1,"twigs:pebble":1,"minecraft:dirt":188,"biomesoplenty:orange_sand":1,"minecraft:gunpowder":1,"minecraft:stone_pickaxe":1,"twigs:twig":5},"minecraft:custom":{"lootr:looted_stat":2,"minecraft:interact_with_furnace":9,"minecraft:mob_kills":13,"minecraft:interact_with_crafting_table":22,"minecraft:time_since_death":28768,"minecraft:climb_one_cm":1218,"minecraft:time_since_rest":28812,"minecraft:sprint_one_cm":258794,"minecraft:damage_taken":1600,"minecraft:walk_one_cm":416181,"minecraft:drop":23,"minecraft:damage_dealt":1546,"minecraft:swim_one_cm":50295,"minecraft:fly_one_cm":234340,"minecraft:open_chest":28,"minecraft:crouch_one_cm":1899,"minecraft:play_time":139378,"minecraft:deaths":3,"minecraft:sneak_time":552,"minecraft:walk_under_water_one_cm":9332,"minecraft:jump":1704,"minecraft:walk_on_water_one_cm":16703,"minecraft:total_world_time":139378,"minecraft:fall_one_cm":26338},"minecraft:crafted":{"minecraft:stone_shovel":22,"everycomp:q/biomesoplenty/mahogany_chest":8,"minecraft:cooked_porkchop":4,"minecraft:crafting_table":1,"biomesoplenty:mahogany_planks":64,"minecraft:wooden_pickaxe":1,"minecraft:furnace":1,"minecraft:bucket":2,"minecraft:cooked_mutton":3,"minecraft:stick":84,"minecraft:iron_ingot":4,"minecraft:stone_pickaxe":11,"minecraft:wooden_axe":1,"minecraft:stone_sword":1,"minecraft:acacia_planks":34,"minecraft:torch":40,"minecraft:stone_hoe":1},"minecraft:mined":{"quark:hollow_acacia_log":1,"twigs:pebble":1,"biomesoplenty:orange_sand":75,"minecraft:jungle_leaves":2,"biomesoplenty:desert_grass":1,"minecraft:crafting_table":5,"minecraft:torch":2,"minecraft:ladder":1,"minecraft:granite":9,"minecraft:acacia_log":25,"minecraft:grass_block":122,"minecraft:melon":16,"minecraft:cobblestone":15,"minecraft:tall_grass":1,"minecraft:wall_torch":6,"minecraft:large_fern":1,"minecraft:seagrass":1,"minecraft:furnace":2,"biomesoplenty:mahogany_log":23,"minecraft:iron_ore":7,"minecraft:wheat":5,"minecraft:grass":30,"supplementaries:stick":1,"minecraft:coal_ore":46,"minecraft:vine":3,"minecraft:sand":2,"minecraft:dirt":748,"minecraft:stone":1161,"minecraft:oak_leaves":9,"minecraft:fern":22},"minecraft:broken":{"minecraft:stone_pickaxe":7,"minecraft:wooden_axe":1,"minecraft:stone_shovel":7}},"DataVersion":3465}