{"stats":{"minecraft:killed_by":{"minecraft:husk":1,"minecraft:creeper":1},"minecraft:picked_up":{"minecraft:crafting_table":5,"minecraft:ladder":1,"alexsmobs:acacia_blossom":1,"quark:hollow_acacia_log":2,"minecraft:gunpowder":1,"alexsmobs:gazelle_horn":6,"minecraft:dirt":709,"minecraft:acacia_planks":15,"minecraft:wheat_seeds":7,"twigs:pebble":1,"minecraft:stone_pickaxe":1,"twigs:twig":5,"minecraft:melon_slice":67,"minecraft:acacia_sapling":3,"minecraft:furnace":2,"minecraft:stick":1,"minecraft:raw_iron":7,"minecraft:torch":9,"minecraft:acacia_log":25,"minecraft:porkchop":4,"minecraft:sand":2,"minecraft:mossy_cobblestone":1,"biomesoplenty:mahogany_log":19,"minecraft:stone_shovel":1,"minecraft:rotten_flesh":2,"biomesoplenty:mahogany_sapling":3,"minecraft:mutton":3,"minecraft:coal":46,"biomesoplenty:orange_sand":31,"minecraft:cobblestone":787},"minecraft:crafted":{"everycomp:q/biomesoplenty/mahogany_chest":8,"minecraft:stone_shovel":21,"minecraft:cooked_porkchop":4,"minecraft:crafting_table":1,"biomesoplenty:mahogany_planks":64,"minecraft:wooden_pickaxe":1,"minecraft:furnace":1,"minecraft:bucket":2,"minecraft:cooked_mutton":3,"minecraft:stick":84,"minecraft:iron_ingot":4,"minecraft:stone_pickaxe":11,"minecraft:wooden_axe":1,"minecraft:stone_sword":1,"minecraft:acacia_planks":34,"minecraft:torch":40,"minecraft:stone_hoe":1},"minecraft:mined":{"quark:hollow_acacia_log":1,"twigs:pebble":1,"biomesoplenty:orange_sand":36,"biomesoplenty:desert_grass":1,"minecraft:crafting_table":5,"minecraft:torch":2,"minecraft:ladder":1,"minecraft:granite":9,"minecraft:acacia_log":25,"minecraft:grass_block":114,"minecraft:melon":14,"minecraft:tall_grass":1,"minecraft:cobblestone":13,"minecraft:wall_torch":6,"minecraft:large_fern":1,"minecraft:seagrass":1,"minecraft:furnace":2,"biomesoplenty:mahogany_log":23,"minecraft:iron_ore":7,"minecraft:grass":17,"supplementaries:stick":1,"minecraft:coal_ore":46,"minecraft:vine":3,"minecraft:sand":2,"minecraft:dirt":674,"minecraft:stone":1134,"minecraft:oak_leaves":9,"minecraft:fern":14},"minecraft:killed":{"minecraft:husk":1,"minecraft:pig":2,"minecraft:zombie":3,"alexsmobs:gazelle":5},"minecraft:broken":{"minecraft:stone_pickaxe":7,"minecraft:wooden_axe":1,"minecraft:stone_shovel":6},"minecraft:custom":{"minecraft:interact_with_furnace":8,"lootr:looted_stat":2,"minecraft:mob_kills":12,"minecraft:interact_with_crafting_table":21,"minecraft:time_since_death":12737,"minecraft:climb_one_cm":1210,"minecraft:time_since_rest":12781,"minecraft:sprint_one_cm":233299,"minecraft:damage_taken":1440,"minecraft:walk_one_cm":364362,"minecraft:drop":23,"minecraft:damage_dealt":1346,"minecraft:swim_one_cm":50295,"minecraft:fly_one_cm":226999,"minecraft:open_chest":26,"minecraft:crouch_one_cm":1722,"minecraft:play_time":123347,"minecraft:deaths":3,"minecraft:sneak_time":476,"minecraft:walk_under_water_one_cm":9332,"minecraft:jump":1565,"minecraft:walk_on_water_one_cm":16189,"minecraft:total_world_time":123347,"minecraft:fall_one_cm":25593},"minecraft:used":{"minecraft:wheat_seeds":6,"minecraft:cooked_mutton":3,"minecraft:water_bucket":12,"minecraft:stone_sword":24,"minecraft:stone_shovel":813,"minecraft:stone_pickaxe":1211,"minecraft:wooden_pickaxe":12,"everycomp:q/biomesoplenty/mahogany_chest":8,"minecraft:stone_hoe":12,"minecraft:rotten_flesh":1,"minecraft:stick":1,"minecraft:torch":40,"minecraft:mossy_cobblestone":1,"minecraft:dirt":236,"minecraft:sand":2,"minecraft:crafting_table":6,"minecraft:wooden_axe":59,"minecraft:melon_slice":27,"minecraft:cobblestone":58,"minecraft:furnace":3,"minecraft:cooked_porkchop":4,"minecraft:bucket":12,"minecraft:potato":3},"minecraft:dropped":{"alexsmobs:gazelle_horn":3,"alexsmobs:acacia_blossom":1,"minecraft:stone_shovel":1,"minecraft:cobblestone":101,"minecraft:rotten_flesh":1,"minecraft:acacia_log":8,"quark:hollow_acacia_log":1,"twigs:pebble":1,"minecraft:dirt":188,"biomesoplenty:orange_sand":1,"minecraft:gunpowder":1,"minecraft:stone_pickaxe":1,"twigs:twig":5}},"DataVersion":3465}