{"stats":{"minecraft:killed_by":{"minecraft:husk":1},"minecraft:picked_up":{"minecraft:crafting_table":5,"minecraft:ladder":1,"alexsmobs:acacia_blossom":1,"quark:hollow_acacia_log":2,"minecraft:gunpowder":1,"alexsmobs:gazelle_horn":6,"minecraft:dirt":301,"minecraft:acacia_planks":15,"minecraft:wheat_seeds":5,"twigs:pebble":1,"twigs:twig":5,"minecraft:melon_slice":44,"minecraft:acacia_sapling":3,"minecraft:furnace":2,"minecraft:raw_iron":7,"minecraft:torch":4,"minecraft:acacia_log":25,"minecraft:porkchop":4,"minecraft:sand":2,"minecraft:mossy_cobblestone":1,"biomesoplenty:mahogany_log":19,"minecraft:rotten_flesh":2,"biomesoplenty:mahogany_sapling":3,"minecraft:mutton":3,"minecraft:coal":29,"biomesoplenty:orange_sand":25,"minecraft:cobblestone":224},"minecraft:crafted":{"everycomp:q/biomesoplenty/mahogany_chest":8,"minecraft:stone_shovel":21,"minecraft:cooked_porkchop":4,"minecraft:crafting_table":1,"biomesoplenty:mahogany_planks":64,"minecraft:wooden_pickaxe":1,"minecraft:furnace":1,"minecraft:stick":80,"minecraft:stone_pickaxe":11,"minecraft:wooden_axe":1,"minecraft:stone_sword":1,"minecraft:acacia_planks":30},"minecraft:mined":{"quark:hollow_acacia_log":1,"twigs:pebble":1,"biomesoplenty:orange_sand":25,"minecraft:crafting_table":5,"minecraft:torch":2,"minecraft:ladder":1,"minecraft:granite":1,"minecraft:acacia_log":25,"minecraft:grass_block":98,"minecraft:melon":9,"minecraft:tall_grass":1,"minecraft:cobblestone":3,"minecraft:wall_torch":1,"minecraft:large_fern":1,"minecraft:furnace":2,"biomesoplenty:mahogany_log":23,"minecraft:iron_ore":7,"minecraft:grass":8,"minecraft:coal_ore":29,"minecraft:vine":3,"minecraft:sand":2,"minecraft:dirt":203,"minecraft:stone":220,"minecraft:oak_leaves":8,"minecraft:fern":8},"minecraft:killed":{"minecraft:husk":1,"minecraft:pig":2,"minecraft:zombie":3,"alexsmobs:gazelle":5},"minecraft:broken":{"minecraft:stone_pickaxe":1,"minecraft:wooden_axe":1,"minecraft:stone_shovel":2},"minecraft:custom":{"minecraft:interact_with_furnace":4,"lootr:looted_stat":2,"minecraft:mob_kills":12,"minecraft:interact_with_crafting_table":16,"minecraft:time_since_death":47273,"minecraft:climb_one_cm":1178,"minecraft:time_since_rest":47320,"minecraft:sprint_one_cm":88263,"minecraft:damage_taken":630,"minecraft:walk_one_cm":122085,"minecraft:drop":8,"minecraft:damage_dealt":1245,"minecraft:swim_one_cm":11424,"minecraft:fly_one_cm":102939,"minecraft:open_chest":8,"minecraft:crouch_one_cm":1391,"minecraft:play_time":52283,"minecraft:deaths":1,"minecraft:sneak_time":387,"minecraft:walk_under_water_one_cm":2552,"minecraft:jump":637,"minecraft:walk_on_water_one_cm":2314,"minecraft:total_world_time":52283,"minecraft:fall_one_cm":9210},"minecraft:used":{"minecraft:stone_sword":21,"minecraft:stone_shovel":340,"minecraft:stone_pickaxe":259,"minecraft:wooden_pickaxe":12,"everycomp:q/biomesoplenty/mahogany_chest":8,"minecraft:rotten_flesh":1,"minecraft:stick":1,"minecraft:torch":3,"minecraft:mossy_cobblestone":1,"minecraft:dirt":2,"minecraft:sand":2,"minecraft:crafting_table":6,"minecraft:wooden_axe":59,"minecraft:melon_slice":9,"minecraft:cobblestone":22,"minecraft:furnace":3,"minecraft:cooked_porkchop":2},"minecraft:dropped":{"alexsmobs:gazelle_horn":3,"alexsmobs:acacia_blossom":1,"minecraft:rotten_flesh":1,"quark:hollow_acacia_log":1,"twigs:pebble":1,"minecraft:dirt":64,"biomesoplenty:orange_sand":1,"twigs:twig":5}},"DataVersion":3465}