{"stats":{"minecraft:killed_by":{"minecraft:husk":1},"minecraft:picked_up":{"minecraft:raw_iron":3,"minecraft:crafting_table":5,"minecraft:ladder":1,"minecraft:torch":4,"alexsmobs:acacia_blossom":1,"minecraft:acacia_log":25,"quark:hollow_acacia_log":1,"minecraft:porkchop":4,"minecraft:sand":2,"alexsmobs:gazelle_horn":3,"minecraft:dirt":3,"minecraft:mossy_cobblestone":1,"minecraft:acacia_planks":15,"minecraft:rotten_flesh":2,"minecraft:wheat_seeds":1,"twigs:pebble":1,"minecraft:melon_slice":39,"twigs:twig":4,"minecraft:coal":24,"minecraft:mutton":3,"minecraft:acacia_sapling":3,"minecraft:cobblestone":80,"minecraft:furnace":1},"minecraft:crafted":{"minecraft:cooked_porkchop":4,"minecraft:crafting_table":1,"minecraft:stick":8,"minecraft:stone_pickaxe":1,"minecraft:wooden_pickaxe":1,"minecraft:wooden_axe":1,"minecraft:stone_sword":1,"minecraft:furnace":1,"minecraft:acacia_planks":30},"minecraft:mined":{"minecraft:large_fern":1,"quark:hollow_acacia_log":1,"twigs:pebble":1,"minecraft:furnace":1,"minecraft:iron_ore":3,"minecraft:grass_block":1,"minecraft:torch":2,"minecraft:crafting_table":5,"minecraft:ladder":1,"minecraft:grass":5,"minecraft:acacia_log":25,"minecraft:coal_ore":24,"minecraft:melon":8,"minecraft:sand":2,"minecraft:tall_grass":1,"minecraft:stone":79,"minecraft:wall_torch":1},"minecraft:killed":{"minecraft:husk":1,"minecraft:pig":2,"alexsmobs:gazelle":5},"minecraft:custom":{"minecraft:time_since_rest":23320,"lootr:looted_stat":1,"minecraft:interact_with_furnace":3,"minecraft:sprint_one_cm":65281,"minecraft:damage_taken":430,"minecraft:walk_one_cm":69943,"minecraft:mob_kills":8,"minecraft:drop":1,"minecraft:damage_dealt":707,"minecraft:swim_one_cm":11424,"minecraft:interact_with_crafting_table":7,"minecraft:fly_one_cm":93299,"minecraft:crouch_one_cm":1049,"minecraft:play_time":28283,"minecraft:deaths":1,"minecraft:walk_under_water_one_cm":2552,"minecraft:sneak_time":279,"minecraft:jump":472,"minecraft:walk_on_water_one_cm":2314,"minecraft:time_since_death":23273,"minecraft:climb_one_cm":159,"minecraft:total_world_time":28283,"minecraft:fall_one_cm":7890},"minecraft:used":{"minecraft:wooden_axe":36,"minecraft:stone_sword":9,"minecraft:melon_slice":1,"minecraft:stone_pickaxe":103,"minecraft:wooden_pickaxe":6,"minecraft:rotten_flesh":1,"minecraft:torch":3,"minecraft:mossy_cobblestone":1,"minecraft:dirt":2,"minecraft:sand":2,"minecraft:cobblestone":16,"minecraft:crafting_table":5,"minecraft:cooked_porkchop":2,"minecraft:furnace":1},"minecraft:dropped":{"minecraft:rotten_flesh":1}},"DataVersion":3465}