{"stats":{"minecraft:killed_by":{"minecraft:husk":1,"minecraft:creeper":1},"minecraft:picked_up":{"minecraft:crafting_table":5,"minecraft:ladder":1,"alexsmobs:acacia_blossom":1,"quark:hollow_acacia_log":2,"minecraft:gunpowder":1,"alexsmobs:gazelle_horn":6,"minecraft:dirt":321,"minecraft:acacia_planks":15,"minecraft:wheat_seeds":6,"twigs:pebble":1,"twigs:twig":5,"minecraft:melon_slice":44,"minecraft:acacia_sapling":3,"minecraft:furnace":2,"minecraft:stick":1,"minecraft:raw_iron":7,"minecraft:torch":9,"minecraft:acacia_log":25,"minecraft:porkchop":4,"minecraft:sand":2,"minecraft:mossy_cobblestone":1,"biomesoplenty:mahogany_log":19,"minecraft:rotten_flesh":2,"biomesoplenty:mahogany_sapling":3,"minecraft:mutton":3,"minecraft:coal":46,"biomesoplenty:orange_sand":31,"minecraft:cobblestone":267},"minecraft:crafted":{"everycomp:q/biomesoplenty/mahogany_chest":8,"minecraft:stone_shovel":21,"minecraft:cooked_porkchop":4,"minecraft:crafting_table":1,"biomesoplenty:mahogany_planks":64,"minecraft:wooden_pickaxe":1,"minecraft:furnace":1,"minecraft:cooked_mutton":3,"minecraft:stick":80,"minecraft:stone_pickaxe":11,"minecraft:wooden_axe":1,"minecraft:stone_sword":1,"minecraft:acacia_planks":30,"minecraft:torch":40},"minecraft:mined":{"quark:hollow_acacia_log":1,"twigs:pebble":1,"biomesoplenty:orange_sand":25,"biomesoplenty:desert_grass":1,"minecraft:crafting_table":5,"minecraft:torch":2,"minecraft:ladder":1,"minecraft:granite":1,"minecraft:acacia_log":25,"minecraft:grass_block":101,"minecraft:melon":9,"minecraft:tall_grass":1,"minecraft:cobblestone":4,"minecraft:wall_torch":6,"minecraft:large_fern":1,"minecraft:furnace":2,"biomesoplenty:mahogany_log":23,"minecraft:iron_ore":7,"minecraft:grass":16,"supplementaries:stick":1,"minecraft:coal_ore":46,"minecraft:vine":3,"minecraft:sand":2,"minecraft:dirt":207,"minecraft:stone":252,"minecraft:oak_leaves":8,"minecraft:fern":10},"minecraft:killed":{"minecraft:husk":1,"minecraft:pig":2,"minecraft:zombie":3,"alexsmobs:gazelle":5},"minecraft:broken":{"minecraft:stone_pickaxe":1,"minecraft:wooden_axe":1,"minecraft:stone_shovel":2},"minecraft:custom":{"minecraft:interact_with_furnace":5,"lootr:looted_stat":2,"minecraft:mob_kills":12,"minecraft:interact_with_crafting_table":17,"minecraft:time_since_death":11701,"minecraft:climb_one_cm":1178,"minecraft:time_since_rest":11730,"minecraft:sprint_one_cm":116773,"minecraft:damage_taken":900,"minecraft:walk_one_cm":164897,"minecraft:drop":10,"minecraft:damage_dealt":1281,"minecraft:swim_one_cm":27070,"minecraft:fly_one_cm":153900,"minecraft:open_chest":11,"minecraft:crouch_one_cm":1391,"minecraft:play_time":64283,"minecraft:deaths":2,"minecraft:sneak_time":387,"minecraft:walk_under_water_one_cm":3902,"minecraft:jump":930,"minecraft:walk_on_water_one_cm":9368,"minecraft:total_world_time":64283,"minecraft:fall_one_cm":17001},"minecraft:used":{"minecraft:cooked_mutton":3,"minecraft:stone_sword":24,"minecraft:stone_shovel":340,"minecraft:stone_pickaxe":310,"minecraft:wooden_pickaxe":12,"everycomp:q/biomesoplenty/mahogany_chest":8,"minecraft:rotten_flesh":1,"minecraft:stick":1,"minecraft:torch":22,"minecraft:mossy_cobblestone":1,"minecraft:dirt":5,"minecraft:sand":2,"minecraft:crafting_table":6,"minecraft:wooden_axe":59,"minecraft:melon_slice":9,"minecraft:cobblestone":35,"minecraft:furnace":3,"minecraft:cooked_porkchop":3},"minecraft:dropped":{"alexsmobs:gazelle_horn":3,"alexsmobs:acacia_blossom":1,"minecraft:rotten_flesh":1,"quark:hollow_acacia_log":1,"twigs:pebble":1,"minecraft:dirt":73,"biomesoplenty:orange_sand":1,"minecraft:gunpowder":1,"twigs:twig":5}},"DataVersion":3465}